lead_id,company_size,industry,website_visits,email_opens,demo_requests,sales_calls,annual_revenue,conversion_probability,converted
1,2.0,6.0,0.693877551020408,0.3333333333333333,0.4,0.2,0.00536553997025843,0.5108695652173914,1
2,1.0,3.0,0.5510204081632653,0.5333333333333333,0.2,0.6000000000000001,0.07608215103894539,0.5543478260869565,1
3,2.0,6.0,0.693877551020408,0.6666666666666666,0.4,1.0,0.0019894698766126755,0.7934782608695652,1
4,0.0,2.0,0.5510204081632653,0.2,0.6000000000000001,0.4,0.5277119086853423,0.4673913043478261,1
5,2.0,5.0,0.0,0.8,0.0,0.8,0.004260278927695833,0.35869565217391297,0
6,0.0,5.0,0.36734693877551017,0.7333333333333333,1.0,0.8,0.9484747397612637,0.6956521739130435,0
7,0.0,5.0,0.693877551020408,0.13333333333333333,0.8,0.2,0.9806478839274949,0.5108695652173914,0
8,0.0,0.0,0.061224489795918366,0.7333333333333333,1.0,0.0,0.9545436276676983,0.35869565217391297,0
9,0.0,4.0,0.38775510204081626,0.7333333333333333,0.2,0.6000000000000001,0.666994895703549,0.5326086956521738,1
10,2.0,0.0,0.44897959183673464,0.7333333333333333,0.0,0.4,0.003999035408544672,0.4891304347826087,1
11,0.0,6.0,0.18367346938775508,1.0,0.2,1.0,0.15670592018005708,0.5978260869565217,0
12,0.0,0.0,0.693877551020408,0.6666666666666666,0.2,0.6000000000000001,0.6675575740524898,0.6739130434782608,1
13,2.0,5.0,0.346938775510204,0.9333333333333333,0.6000000000000001,0.6000000000000001,0.006189461838350547,0.6413043478260869,1
14,1.0,6.0,0.8979591836734693,0.9333333333333333,0.8,0.0,0.019653550902294925,0.8369565217391304,0
15,0.0,5.0,0.693877551020408,0.6666666666666666,0.2,0.8,0.6200916361882561,0.7173913043478259,0
16,2.0,3.0,0.04081632653061225,0.2,0.6000000000000001,0.8,0.006551183634098309,0.28260869565217395,0
17,1.0,4.0,0.0,0.9333333333333333,0.2,0.6000000000000001,0.08275390860495961,0.3913043478260869,0
18,1.0,5.0,0.18367346938775508,0.06666666666666667,0.2,0.6000000000000001,0.021261203327840518,0.2065217391304348,0
19,2.0,5.0,0.3061224489795918,0.8666666666666667,1.0,0.6000000000000001,0.007977975161770026,0.6630434782608694,0
20,1.0,5.0,0.8163265306122448,0.6666666666666666,0.4,1.0,0.07933764720067521,0.8586956521739131,0
21,1.0,2.0,0.02040816326530612,0.2,0.0,0.8,0.009666010208592903,0.17391304347826086,0
22,1.0,3.0,0.8979591836734693,0.7333333333333333,0.8,0.6000000000000001,0.09549455407740846,0.9021739130434783,0
23,0.0,4.0,0.061224489795918366,0.5333333333333333,0.2,0.4,0.7523210481893815,0.25,0
24,2.0,2.0,0.2040816326530612,0.13333333333333333,0.8,0.0,0.0076966359872995445,0.2065217391304348,0
25,0.0,5.0,0.44897959183673464,0.6,0.0,0.4,0.9087054378843294,0.4456521739130434,0
26,1.0,4.0,0.3061224489795918,0.6,1.0,0.6000000000000001,0.06346207949841244,0.576086956521739,1
27,0.0,6.0,0.8163265306122448,0.6666666666666666,0.4,1.0,0.22133354768699007,0.8586956521739131,1
28,0.0,6.0,0.5306122448979591,0.5333333333333333,1.0,0.4,0.7312005144487762,0.6304347826086956,1
29,2.0,1.0,0.4693877551020408,0.3333333333333333,0.0,0.2,0.006229653148989189,0.32608695652173914,0
30,1.0,4.0,0.5306122448979591,0.26666666666666666,0.8,0.8,0.015935854668220728,0.5978260869565217,0
31,2.0,6.0,0.061224489795918366,0.4,0.0,0.0,0.0024516699489570363,0.08695652173913043,0
32,2.0,2.0,0.7755102040816325,0.0,0.4,0.2,0.0029339656766207145,0.4456521739130434,0
33,0.0,1.0,0.36734693877551017,0.2,0.2,0.2,0.1660905912141795,0.2608695652173913,0
34,1.0,6.0,0.7755102040816325,0.4,0.6000000000000001,0.0,0.0794381254772718,0.5652173913043477,0
35,1.0,4.0,0.4897959183673469,1.0,0.4,0.0,0.0545597041919537,0.576086956521739,1
36,0.0,2.0,0.4897959183673469,0.13333333333333333,0.4,0.4,0.2285076966359873,0.3804347826086956,0
37,0.0,1.0,0.8775510204081631,0.3333333333333333,0.0,1.0,0.11918733169888669,0.7173913043478259,1
38,1.0,3.0,0.4081632653061224,0.13333333333333333,0.0,0.6000000000000001,0.038322414693943166,0.3152173913043478,0
39,1.0,2.0,0.6122448979591836,0.9333333333333333,0.2,1.0,0.06983240223463688,0.8043478260869563,1
40,1.0,4.0,0.02040816326530612,0.4666666666666667,0.8,0.6000000000000001,0.031550178851332336,0.34782608695652173,0
41,1.0,3.0,0.10204081632653061,0.6,0.6000000000000001,0.2,0.09619790201358466,0.3152173913043478,0
42,1.0,6.0,0.8775510204081631,0.7333333333333333,1.0,0.0,0.045416181021663116,0.7934782608695652,1
43,2.0,4.0,0.12244897959183673,0.13333333333333333,0.8,0.6000000000000001,0.00014066958723523999,0.2934782608695652,0
44,0.0,5.0,0.6530612244897959,0.0,0.0,0.8,0.5854668220730679,0.4456521739130434,0
45,1.0,6.0,0.6326530612244897,0.3333333333333333,0.8,0.8,0.010309071178811142,0.6739130434782608,0
46,2.0,3.0,0.28571428571428564,0.26666666666666666,0.6000000000000001,0.4,0.0007636349021341582,0.34782608695652173,0
47,0.0,3.0,0.8163265306122448,1.0,0.8,0.6000000000000001,0.632832281660705,0.9456521739130435,1
48,0.0,2.0,0.12244897959183673,0.9333333333333333,0.2,0.4,0.732004340661549,0.41304347826086957,0
49,0.0,3.0,0.08163265306122448,0.13333333333333333,0.2,0.2,0.8769944937904426,0.08695652173913043,0
50,1.0,1.0,0.510204081632653,0.9333333333333333,0.2,0.0,0.08960652706884771,0.5326086956521738,1
51,1.0,1.0,0.16326530612244897,0.7333333333333333,0.4,1.0,0.09390699730718219,0.5326086956521738,0
52,0.0,2.0,0.8163265306122448,0.6666666666666666,0.8,0.6000000000000001,0.9558699409187734,0.8369565217391304,1
53,1.0,4.0,0.5510204081632653,0.8,0.0,0.8,0.03741811020457377,0.6521739130434783,1
54,0.0,5.0,0.3061224489795918,0.26666666666666666,0.6000000000000001,1.0,0.16657288694184316,0.4891304347826087,1
55,0.0,5.0,0.9795918367346937,0.26666666666666666,0.8,0.6000000000000001,0.6861058639122223,0.7934782608695652,1
56,1.0,3.0,0.9387755102040816,0.4,1.0,0.4,0.04710421606848599,0.8043478260869563,1
57,1.0,2.0,0.10204081632653061,0.7333333333333333,0.0,0.6000000000000001,0.09286202323057755,0.34782608695652173,0
58,2.0,5.0,0.32653061224489793,0.0,1.0,0.4,0.007435392468148385,0.34782608695652173,0
59,1.0,6.0,0.24489795918367344,0.8666666666666667,0.0,1.0,0.06848599332824244,0.5543478260869565,1
60,1.0,3.0,0.510204081632653,0.8666666666666667,0.2,0.2,0.02011575097463928,0.5543478260869565,1
61,0.0,1.0,0.22448979591836735,0.26666666666666666,0.2,0.4,0.6865680639845666,0.25,0
62,2.0,3.0,0.5918367346938774,0.7333333333333333,0.6000000000000001,0.6000000000000001,0.0030143482978979945,0.7065217391304348,1
63,1.0,1.0,0.5918367346938774,0.6,0.8,0.4,0.07296732446445078,0.6521739130434783,1
64,2.0,1.0,0.061224489795918366,0.4666666666666667,0.6000000000000001,0.6000000000000001,0.004843052931956112,0.33695652173913043,0
65,0.0,0.0,0.24489795918367344,0.4666666666666667,0.0,0.2,0.23570194124030386,0.25,0
66,2.0,4.0,0.7959183673469387,0.4666666666666667,0.4,0.6000000000000001,0.0014066958723523973,0.6956521739130435,1
67,0.0,3.0,0.4897959183673469,0.6666666666666666,1.0,0.8,0.6300992725372775,0.7391304347826086,1
68,1.0,1.0,0.6530612244897959,0.6,1.0,0.4,0.07421325509424863,0.7173913043478259,1
69,2.0,1.0,0.38775510204081626,0.4,1.0,0.2,0.0012258349744785173,0.4673913043478261,0
70,1.0,1.0,0.6122448979591836,0.4,0.8,0.2,0.02451669948957036,0.5543478260869565,1
71,2.0,1.0,0.5510204081632653,0.7333333333333333,0.0,1.0,0.00592821831919939,0.6739130434782608,0
72,1.0,1.0,0.08163265306122448,0.4,1.0,0.4,0.09364575378803103,0.34782608695652173,0
73,0.0,3.0,0.24489795918367344,1.0,1.0,1.0,0.7853583055343435,0.7608695652173914,0
74,1.0,3.0,0.18367346938775508,0.0,0.2,0.8,0.08554720469434508,0.22826086956521735,0
75,0.0,2.0,0.5918367346938774,0.9333333333333333,0.2,0.0,0.8404806880752381,0.576086956521739,0
76,0.0,3.0,0.12244897959183673,0.4666666666666667,0.8,0.2,0.6398456653671477,0.3152173913043478,0
77,1.0,3.0,0.2040816326530612,0.4666666666666667,0.4,0.6000000000000001,0.06424581005586592,0.3804347826086956,0
78,0.0,0.0,0.9183673469387754,0.26666666666666666,1.0,0.4,0.4321168763313372,0.75,1
79,0.0,0.0,0.5918367346938774,0.26666666666666666,0.4,0.8,0.5184880028937744,0.5652173913043477,0
80,0.0,3.0,0.14285714285714285,0.5333333333333333,0.0,1.0,0.3646959527350187,0.3913043478260869,0
81,2.0,1.0,0.10204081632653061,0.4666666666666667,0.2,0.2,0.0012459306297978373,0.2065217391304348,0
82,2.0,6.0,0.8571428571428571,0.13333333333333333,0.8,0.6000000000000001,0.004159800651099232,0.6847826086956521,0
83,2.0,1.0,0.22448979591836735,0.5333333333333333,0.6000000000000001,0.4,0.0006028696595795991,0.40217391304347827,0
84,0.0,5.0,0.22448979591836735,0.13333333333333333,0.4,0.8,0.4622603593103171,0.32608695652173914,0
85,2.0,4.0,0.6122448979591836,0.9333333333333333,0.8,0.0,0.007455488123467708,0.6847826086956521,1
86,2.0,4.0,0.836734693877551,0.8,0.8,0.0,0.007274627225593825,0.7608695652173914,1
87,0.0,6.0,0.4693877551020408,0.6666666666666666,0.6000000000000001,0.8,0.33071419959004866,0.6630434782608694,1
88,0.0,3.0,0.5918367346938774,0.9333333333333333,0.0,0.8,0.3680519271733451,0.7173913043478259,1
89,1.0,3.0,1.0,0.8666666666666667,0.2,0.2,0.013082271612877297,0.8152173913043477,1
90,2.0,4.0,0.44897959183673464,0.26666666666666666,0.6000000000000001,0.6000000000000001,0.006269844459627827,0.47826086956521735,1
91,2.0,2.0,0.14285714285714285,0.2,1.0,0.0,0.0035368353362003127,0.22826086956521735,0
92,2.0,0.0,0.4897959183673469,0.6,0.4,0.2,0.0038784614766287535,0.4891304347826087,1
93,2.0,1.0,0.8163265306122448,0.06666666666666667,0.4,0.6000000000000001,0.0076966359872995445,0.576086956521739,1
94,2.0,4.0,0.5714285714285714,0.6,0.4,0.6000000000000001,0.0025923395361922754,0.6195652173913044,1
95,1.0,2.0,0.5306122448979591,0.3333333333333333,0.2,0.0,0.056649652345162976,0.34782608695652173,0
96,2.0,5.0,0.38775510204081626,0.26666666666666666,1.0,0.8,0.004903339897914071,0.5543478260869565,1
97,2.0,4.0,0.22448979591836735,0.6666666666666666,0.0,0.8,0.0020095655319319963,0.43478260869565216,0
98,2.0,3.0,0.510204081632653,0.4666666666666667,0.4,0.0,0.00516458341706523,0.41304347826086957,0
99,1.0,1.0,0.061224489795918366,0.6,0.0,1.0,0.050580764438728346,0.3695652173913043,0
100,0.0,3.0,0.9387755102040816,0.06666666666666667,0.0,0.2,0.7473373256701902,0.4891304347826087,1
101,0.0,1.0,0.5918367346938774,0.0,0.4,0.6000000000000001,0.21888187773803303,0.43478260869565216,0
102,0.0,6.0,1.0,0.06666666666666667,0.0,0.6000000000000001,0.882802138177726,0.6086956521739131,1
103,2.0,2.0,0.9387755102040816,0.4666666666666667,0.4,0.6000000000000001,0.00588802700856075,0.7717391304347827,1
104,0.0,0.0,0.5918367346938774,0.8,0.8,0.2,0.5296812829066357,0.6739130434782608,0
105,0.0,5.0,0.5510204081632653,0.4,0.4,1.0,0.43239821550580765,0.6304347826086956,1
106,1.0,6.0,1.0,0.0,0.8,0.2,0.01523250673204453,0.6304347826086956,0
107,0.0,4.0,0.5306122448979591,0.13333333333333333,0.6000000000000001,1.0,0.29574775933443187,0.5652173913043477,1
108,0.0,1.0,0.5510204081632653,0.6666666666666666,1.0,0.0,0.45595032354005066,0.5978260869565217,1
109,2.0,1.0,0.061224489795918366,0.6666666666666666,0.4,0.4,0.004400948514931072,0.32608695652173914,0
110,2.0,5.0,0.26530612244897955,0.6666666666666666,0.2,0.4,0.0022708090510831554,0.40217391304347827,0
111,0.0,6.0,0.3061224489795918,0.4,0.8,1.0,0.6182227402435595,0.5652173913043477,1
112,1.0,0.0,0.3061224489795918,0.3333333333333333,0.6000000000000001,0.6000000000000001,0.0653309754431092,0.4239130434782608,0
113,2.0,6.0,0.4081632653061224,1.0,0.0,0.6000000000000001,0.003999035408544672,0.5978260869565217,0
114,1.0,4.0,0.8163265306122448,0.0,0.4,0.6000000000000001,0.09233953619227522,0.5543478260869565,0
115,2.0,5.0,0.5918367346938774,0.8,0.6000000000000001,0.2,0.0076966359872995445,0.6413043478260869,0
116,2.0,2.0,0.3061224489795918,1.0,0.4,1.0,0.0029942526425786736,0.6956521739130435,0
117,1.0,5.0,0.6122448979591836,0.2,1.0,0.8,0.016699489570354886,0.6521739130434783,0
118,1.0,0.0,0.4285714285714285,0.4,0.6000000000000001,0.2,0.07805152526023873,0.4239130434782608,0
119,0.0,3.0,0.061224489795918366,0.9333333333333333,0.8,0.4,0.2870061492705277,0.47826086956521735,0
120,0.0,6.0,0.10204081632653061,0.26666666666666666,0.0,0.0,0.12899401149471482,0.06521739130434784,0
121,0.0,2.0,0.5918367346938774,0.4,0.6000000000000001,0.4,0.21964551264016718,0.5543478260869565,1
122,2.0,0.0,0.346938775510204,0.2,0.6000000000000001,0.6000000000000001,0.006912905429846067,0.40217391304347827,0
123,2.0,0.0,0.510204081632653,0.0,0.6000000000000001,1.0,0.0035770266468389527,0.5108695652173914,0
124,0.0,6.0,0.2040816326530612,0.06666666666666667,0.0,0.2,0.2508942566617097,0.09782608695652176,0
125,0.0,6.0,0.8979591836734693,1.0,1.0,0.8,0.8954624010288976,1.0,1
126,0.0,3.0,0.7142857142857142,0.4,1.0,0.0,0.7463124472489048,0.5978260869565217,1
127,2.0,1.0,0.10204081632653061,0.4,1.0,0.2,0.0011856436638398781,0.3152173913043478,0
128,1.0,5.0,0.3061224489795918,0.8,0.8,0.6000000000000001,0.06945058478356979,0.6086956521739131,0
129,1.0,2.0,0.18367346938775508,0.7333333333333333,1.0,0.8,0.029821952493870825,0.5978260869565217,1
130,0.0,5.0,1.0,0.06666666666666667,0.8,0.4,0.7991037337727585,0.6956521739130435,0
131,1.0,0.0,0.061224489795918366,0.26666666666666666,0.2,0.2,0.09477111048591294,0.11956521739130435,0
132,2.0,5.0,0.0,0.8,0.4,0.8,0.005345444314939111,0.4239130434782608,0
133,0.0,0.0,0.12244897959183673,0.5333333333333333,1.0,0.0,0.9918813552509949,0.32608695652173914,0
134,1.0,0.0,0.346938775510204,0.8666666666666667,0.2,1.0,0.05082191230256018,0.6413043478260869,1
135,1.0,3.0,0.02040816326530612,0.13333333333333333,1.0,0.4,0.05960371367710301,0.22826086956521735,0
136,0.0,4.0,0.24489795918367344,0.3333333333333333,0.8,1.0,0.9319762067441021,0.5108695652173914,1
137,0.0,4.0,0.7346938775510203,0.26666666666666666,0.8,1.0,0.9457216349825168,0.75,1
138,1.0,3.0,0.4897959183673469,0.3333333333333333,0.4,1.0,0.05508219123025602,0.576086956521739,1
139,1.0,6.0,0.836734693877551,0.9333333333333333,1.0,0.8,0.05918170491539729,1.0,1
140,0.0,1.0,0.6326530612244897,0.06666666666666667,0.4,0.6000000000000001,0.7792894176279089,0.47826086956521735,1
141,0.0,3.0,0.5306122448979591,0.6666666666666666,0.4,0.0,0.4388690165186287,0.4891304347826087,0
142,2.0,1.0,0.4693877551020408,0.0,0.0,0.8,0.0017282263574615164,0.34782608695652173,0
143,1.0,2.0,0.7959183673469387,0.6666666666666666,0.2,0.8,0.05088219926851815,0.7717391304347827,1
144,2.0,1.0,0.5306122448979591,0.2,1.0,0.8,0.0010449740766046382,0.6086956521739131,0
145,2.0,6.0,0.836734693877551,0.3333333333333333,0.2,0.8,0.0036976005787548727,0.6847826086956521,1
146,1.0,4.0,0.26530612244897955,0.8,0.4,0.0,0.08862183995820103,0.3913043478260869,0
147,2.0,4.0,0.26530612244897955,0.5333333333333333,1.0,0.8,0.004260278927695833,0.576086956521739,1
148,1.0,1.0,0.38775510204081626,0.4666666666666667,0.0,0.8,0.03301716168964269,0.45652173913043476,0
149,1.0,5.0,0.9795918367346937,0.0,0.4,0.2,0.06060849644306901,0.5543478260869565,1
150,1.0,6.0,0.4081632653061224,0.3333333333333333,0.8,0.0,0.07115871548571198,0.3804347826086956,0
151,2.0,2.0,0.12244897959183673,0.13333333333333333,1.0,0.2,0.00572726176600619,0.23913043478260865,0
152,0.0,4.0,0.5714285714285714,0.9333333333333333,1.0,0.2,0.5783730557453479,0.7391304347826086,0
153,0.0,4.0,0.04081632653061225,0.2,0.4,0.2,0.8028013343515132,0.11956521739130435,0
154,2.0,0.0,0.5714285714285714,0.0,0.4,0.2,0.0031349222298139145,0.33695652173913043,0
155,1.0,6.0,0.9387755102040816,0.6666666666666666,0.0,0.4,0.03287649210240746,0.7282608695652173,1
156,2.0,6.0,0.08163265306122448,0.6,0.2,0.8,0.006832522808568787,0.3695652173913043,0
157,0.0,4.0,0.5306122448979591,1.0,0.2,0.8,0.8141955709175677,0.7391304347826086,1
158,0.0,4.0,0.5510204081632653,0.26666666666666666,0.4,0.2,0.20174028375065312,0.41304347826086957,0
159,1.0,1.0,0.8979591836734693,0.8,0.0,0.8,0.0840601262007154,0.8369565217391304,1
160,2.0,1.0,0.7142857142857142,0.4,0.8,0.2,0.007495679434106346,0.6086956521739131,1
161,2.0,5.0,0.8979591836734693,0.2,0.2,0.2,0.005867931353241429,0.5434782608695652,0
162,0.0,1.0,0.5918367346938774,0.6,0.0,1.0,0.9333628069611352,0.6521739130434783,1
163,2.0,3.0,0.14285714285714285,0.6,0.0,0.8,0.0002411478638318391,0.3695652173913043,0
164,2.0,2.0,0.12244897959183673,0.06666666666666667,0.8,1.0,0.0013062175957557973,0.35869565217391297,0
165,2.0,2.0,0.6326530612244897,0.4666666666666667,0.2,0.2,0.0022306177404445154,0.4891304347826087,1
166,1.0,5.0,0.18367346938775508,0.6666666666666666,0.8,0.0,0.06324102728989993,0.3695652173913043,0
167,2.0,1.0,0.4897959183673469,0.7333333333333333,0.6000000000000001,1.0,0.004039226719183312,0.7391304347826086,0
168,0.0,6.0,0.6122448979591836,0.2,0.6000000000000001,1.0,0.4367991640207387,0.6304347826086956,1
169,0.0,0.0,0.6122448979591836,0.8,0.8,0.0,0.40348056750130623,0.6413043478260869,1
170,0.0,5.0,0.4897959183673469,0.8666666666666667,0.0,1.0,0.5290985089023754,0.6847826086956521,1
171,1.0,1.0,0.8571428571428571,0.2,0.2,0.8,0.0336200313492223,0.6521739130434783,0
172,2.0,3.0,0.18367346938775508,0.2,0.0,0.2,0.0028334874000241154,0.13043478260869565,0
173,1.0,0.0,0.5306122448979591,0.3333333333333333,0.8,0.0,0.046541537719545036,0.4456521739130434,0
174,1.0,1.0,0.7755102040816325,0.4666666666666667,0.2,0.6000000000000001,0.07280655922189623,0.6521739130434783,1
175,2.0,0.0,0.061224489795918366,1.0,0.4,0.4,0.006852618463888106,0.43478260869565216,0
176,2.0,0.0,0.6326530612244897,0.8,0.0,0.0,0.005466018246855031,0.5217391304347827,1
177,1.0,5.0,0.7959183673469387,0.26666666666666666,0.0,1.0,0.015775089425666168,0.6521739130434783,1
178,2.0,5.0,0.16326530612244897,1.0,1.0,1.0,0.00596840962983803,0.7173913043478259,1
179,0.0,1.0,0.9183673469387754,0.8,0.6000000000000001,0.0,0.9906153289658777,0.7717391304347827,1
180,0.0,5.0,0.5306122448979591,0.6666666666666666,0.2,0.4,0.6458542663076244,0.5434782608695652,1
181,1.0,3.0,0.061224489795918366,0.6666666666666666,0.6000000000000001,0.2,0.019653550902294925,0.3152173913043478,0
182,0.0,4.0,0.04081632653061225,0.8,0.2,0.2,0.6436437442224991,0.28260869565217395,0
183,1.0,1.0,0.061224489795918366,0.2,1.0,0.4,0.09159599694546039,0.2717391304347826,0
184,2.0,0.0,0.04081632653061225,0.2,0.6000000000000001,0.2,0.0019090872553353963,0.15217391304347824,0
185,2.0,4.0,0.061224489795918366,0.5333333333333333,0.6000000000000001,0.8,0.006490896668140348,0.40217391304347827,0
186,1.0,1.0,0.693877551020408,0.8,0.8,0.6000000000000001,0.057614243800490336,0.8152173913043477,0
187,1.0,5.0,0.7346938775510203,0.9333333333333333,0.0,0.6000000000000001,0.07527832482617257,0.75,1
188,0.0,3.0,0.38775510204081626,0.06666666666666667,0.0,0.8,0.20921586752944013,0.32608695652173914,0
189,2.0,3.0,0.510204081632653,0.6666666666666666,0.2,1.0,0.006551183634098309,0.6630434782608694,1
190,2.0,3.0,0.4081632653061224,0.2,0.4,0.4,0.0021904264298058754,0.35869565217391297,0
191,1.0,5.0,0.0,0.13333333333333333,0.4,0.2,0.08432136971986656,0.07608695652173911,0
192,0.0,3.0,0.22448979591836735,0.06666666666666667,0.2,0.0,0.5183071419959006,0.09782608695652176,0
193,1.0,3.0,0.836734693877551,0.8,0.6000000000000001,0.6000000000000001,0.09000844017523411,0.8586956521739131,1
194,0.0,6.0,0.9183673469387754,0.26666666666666666,0.0,0.4,0.7015192315421407,0.5869565217391304,1
195,2.0,5.0,0.0,0.7333333333333333,0.2,0.6000000000000001,0.0008842088340500782,0.32608695652173914,0
196,0.0,2.0,0.9183673469387754,0.4,0.8,0.4,0.31166351834733336,0.7608695652173914,1
197,1.0,5.0,0.2040816326530612,0.2,0.0,0.8,0.07598167276234878,0.2717391304347826,0
198,0.0,6.0,0.4081632653061224,0.5333333333333333,1.0,1.0,0.47345363932317835,0.6956521739130435,1
199,2.0,4.0,0.2040816326530612,0.26666666666666666,1.0,0.4,0.0007837305574534782,0.3695652173913043,0
200,2.0,6.0,0.0,0.0,1.0,1.0,0.00564687914472891,0.3043478260869565,0
201,1.0,1.0,0.7346938775510203,0.9333333333333333,0.0,0.0,0.08347735219645513,0.6195652173913044,1
202,0.0,0.0,0.6326530612244897,0.6666666666666666,1.0,0.0,0.7820827137172943,0.6413043478260869,1
203,1.0,1.0,0.6326530612244897,0.13333333333333333,1.0,0.2,0.08494433503476548,0.5108695652173914,0
204,1.0,1.0,0.836734693877551,0.06666666666666667,0.6000000000000001,0.2,0.03349945741730638,0.5326086956521738,1
205,1.0,1.0,0.5306122448979591,0.8,0.2,0.4,0.04636067682167115,0.5869565217391304,1
206,1.0,4.0,0.510204081632653,0.2,0.2,1.0,0.03792050158755677,0.5108695652173914,1
207,1.0,0.0,0.061224489795918366,0.06666666666666667,0.2,1.0,0.03788031027691813,0.22826086956521735,0
208,2.0,2.0,0.04081632653061225,0.8666666666666667,0.0,0.4,0.0030344439532173136,0.3152173913043478,0
209,2.0,1.0,0.4081632653061224,0.13333333333333333,0.8,0.0,0.006671757566014227,0.3152173913043478,0
210,0.0,0.0,0.7551020408163265,0.4,0.8,0.2,0.26562437201077127,0.6304347826086956,1
211,2.0,2.0,0.9183673469387754,0.9333333333333333,0.4,0.4,0.005265061693661831,0.8695652173913042,0
212,2.0,2.0,0.5714285714285714,0.13333333333333333,0.6000000000000001,0.6000000000000001,0.00010047827659659999,0.5,1
213,0.0,4.0,0.4693877551020408,0.9333333333333333,0.6000000000000001,0.2,0.15322937180981472,0.6195652173913044,0
214,0.0,4.0,0.9183673469387754,0.5333333333333333,0.8,1.0,0.9719263695189101,0.9347826086956521,1
215,1.0,0.0,0.9591836734693877,0.8666666666666667,0.4,0.4,0.04718459868976327,0.8695652173913042,0
216,1.0,5.0,0.04081632653061225,0.5333333333333333,0.6000000000000001,1.0,0.056830513243036854,0.43478260869565216,0
217,1.0,1.0,0.5714285714285714,0.26666666666666666,1.0,0.6000000000000001,0.057935774285599456,0.6086956521739131,1
218,1.0,0.0,0.3061224489795918,0.06666666666666667,0.8,0.4,0.08789839636670552,0.32608695652173914,0
219,1.0,0.0,0.18367346938775508,0.2,0.6000000000000001,1.0,0.04601905068124272,0.40217391304347827,0
220,2.0,4.0,0.9591836734693877,0.4666666666666667,0.0,0.2,0.0013062175957557973,0.6304347826086956,1
221,0.0,1.0,0.5918367346938774,0.8,1.0,0.6000000000000001,0.49776938225955547,0.7934782608695652,0
222,1.0,3.0,0.6122448979591836,0.06666666666666667,0.0,0.6000000000000001,0.036292753506691845,0.40217391304347827,0
223,1.0,0.0,0.7346938775510203,0.4666666666666667,0.6000000000000001,0.0,0.058478356979221095,0.5652173913043477,0
224,1.0,4.0,0.9387755102040816,0.6,0.4,0.6000000000000001,0.03773964068968289,0.8152173913043477,1
225,1.0,6.0,0.510204081632653,0.8,1.0,0.2,0.07200273300912342,0.6630434782608694,0
226,2.0,6.0,0.7346938775510203,0.4,0.6000000000000001,0.4,0.004983722519191351,0.6304347826086956,1
227,1.0,1.0,0.44897959183673464,0.06666666666666667,0.2,0.6000000000000001,0.028334874000241143,0.34782608695652173,0
228,0.0,1.0,1.0,0.26666666666666666,0.4,0.2,0.9821751537317632,0.6521739130434783,0
229,1.0,6.0,0.9795918367346937,0.13333333333333333,0.6000000000000001,0.6000000000000001,0.010972227804348702,0.7173913043478259,1
230,0.0,6.0,0.02040816326530612,0.0,0.4,0.0,0.29721474217274224,0.0,0
231,0.0,5.0,0.673469387755102,0.6,1.0,0.2,0.4540010449740766,0.6847826086956521,1
232,2.0,1.0,0.36734693877551017,0.8666666666666667,0.0,0.4,0.0025320525702343145,0.4891304347826087,1
233,1.0,5.0,0.16326530612244897,0.8666666666666667,0.8,1.0,0.0643261926771432,0.6413043478260869,1
234,0.0,2.0,0.22448979591836735,0.6666666666666666,1.0,0.4,0.3322615650496363,0.5108695652173914,1
235,0.0,3.0,0.36734693877551017,1.0,0.0,0.2,0.3044290824323781,0.4891304347826087,1
236,1.0,1.0,0.9387755102040816,0.6666666666666666,1.0,0.2,0.07485631606446687,0.8478260869565217,1
237,2.0,0.0,1.0,0.6,0.0,0.2,0.005586592178770949,0.6956521739130435,1
238,1.0,1.0,0.510204081632653,0.9333333333333333,0.0,0.8,0.06862666291547767,0.6739130434782608,1
239,0.0,3.0,0.510204081632653,0.5333333333333333,1.0,0.6000000000000001,0.9839033800892247,0.6630434782608694,1
240,0.0,6.0,0.9795918367346937,0.4,0.2,1.0,0.9976287126723202,0.826086956521739,0
241,0.0,6.0,0.38775510204081626,0.4666666666666667,0.6000000000000001,0.4,0.8608375869137093,0.4673913043478261,1
242,2.0,2.0,0.7551020408163265,0.06666666666666667,1.0,0.2,0.0020296611872513155,0.5543478260869565,1
243,1.0,6.0,0.836734693877551,0.9333333333333333,0.0,0.0,0.0443913026003778,0.6739130434782608,1
244,1.0,6.0,0.10204081632653061,1.0,0.6000000000000001,0.2,0.07527832482617257,0.4456521739130434,0
245,1.0,5.0,0.061224489795918366,0.3333333333333333,0.0,0.2,0.02582291708532615,0.10869565217391303,0
246,1.0,6.0,0.510204081632653,0.2,1.0,0.8,0.048531007596157714,0.5978260869565217,1
247,0.0,5.0,0.8775510204081631,0.4666666666666667,0.0,0.6000000000000001,0.4141312648205458,0.6739130434782608,0
248,1.0,3.0,0.5306122448979591,0.9333333333333333,0.4,0.8,0.04710421606848599,0.75,1
249,2.0,3.0,0.693877551020408,0.4,0.8,0.0,0.0038784614766287535,0.5543478260869565,1
250,2.0,2.0,0.3061224489795918,0.8666666666666667,0.6000000000000001,0.2,0.007797114263896147,0.5108695652173914,1
251,2.0,0.0,0.7142857142857142,0.2,0.4,0.2,0.004742574655359511,0.47826086956521735,1
252,1.0,2.0,0.04081632653061225,0.0,0.4,0.2,0.013644949961818255,0.05434782608695651,0
253,0.0,1.0,0.6122448979591836,1.0,0.8,0.0,0.7301756360274909,0.7065217391304348,1
254,2.0,1.0,0.10204081632653061,0.6,0.6000000000000001,0.0,0.004421044170250393,0.2717391304347826,0
255,1.0,2.0,0.5918367346938774,0.4666666666666667,0.2,0.8,0.029239178489610544,0.5978260869565217,1
256,1.0,1.0,0.7755102040816325,0.13333333333333333,1.0,1.0,0.01748322012780837,0.7608695652173914,1
257,1.0,2.0,0.6122448979591836,0.4666666666666667,1.0,0.8,0.01623728949801053,0.7391304347826086,1
258,2.0,1.0,0.7755102040816325,0.8,0.2,0.2,0.00592821831919939,0.6739130434782608,1
259,2.0,4.0,0.836734693877551,0.13333333333333333,0.0,0.0,0.0018488002893774363,0.41304347826086957,0
260,2.0,0.0,0.9387755102040816,0.2,0.4,0.0,0.003938748442586713,0.5543478260869565,1
261,1.0,4.0,0.693877551020408,0.3333333333333333,0.0,0.4,0.06500944495800007,0.4891304347826087,1
262,1.0,0.0,0.8979591836734693,0.5333333333333333,0.2,0.2,0.04879225111530887,0.6521739130434783,1
263,1.0,5.0,0.4081632653061224,0.6666666666666666,0.0,1.0,0.024657369076805595,0.576086956521739,1
264,0.0,4.0,0.9591836734693877,0.06666666666666667,0.8,0.4,0.6951690044612355,0.6739130434782608,0
265,1.0,2.0,0.02040816326530612,0.6,0.4,0.0,0.08369840440496765,0.19565217391304346,0
266,0.0,0.0,0.5306122448979591,0.4,0.6000000000000001,0.2,0.5205176640810257,0.47826086956521735,1
267,2.0,1.0,0.4897959183673469,0.8,0.0,1.0,0.007455488123467708,0.6630434782608694,1
268,2.0,3.0,1.0,0.4,0.2,0.8,0.004642096378762912,0.7934782608695652,1
269,2.0,3.0,0.346938775510204,0.5333333333333333,0.6000000000000001,1.0,0.004802861621317472,0.5978260869565217,1
270,1.0,5.0,0.836734693877551,0.3333333333333333,0.8,0.0,0.09696153691571882,0.6086956521739131,0
271,0.0,4.0,0.5510204081632653,0.06666666666666667,0.4,1.0,0.9292833889313131,0.5217391304347827,0
272,2.0,1.0,0.28571428571428564,0.13333333333333333,0.2,0.8,0.0028133917447047945,0.32608695652173914,0
273,2.0,6.0,0.02040816326530612,0.6666666666666666,0.6000000000000001,0.2,0.0021502351191672354,0.2934782608695652,0
274,0.0,5.0,0.5306122448979591,0.7333333333333333,0.2,1.0,0.8338893131305013,0.6956521739130435,1
275,0.0,0.0,0.02040816326530612,0.6666666666666666,0.0,1.0,0.5178851332341948,0.3695652173913043,0
276,1.0,3.0,1.0,0.6666666666666666,0.4,0.8,0.039508058357783045,0.9130434782608696,0
277,1.0,5.0,0.02040816326530612,0.4666666666666667,0.0,1.0,0.016156906876733254,0.3043478260869565,0
278,0.0,4.0,0.4081632653061224,0.06666666666666667,0.6000000000000001,1.0,0.4059724287609019,0.47826086956521735,1
279,2.0,5.0,0.6326530612244897,0.2,0.4,0.4,0.0034765483702423536,0.47826086956521735,1
280,0.0,5.0,0.0,0.8,0.6000000000000001,0.4,0.6321289337245288,0.3695652173913043,0
281,2.0,2.0,0.32653061224489793,0.4,0.4,0.8,0.006973192395804028,0.4673913043478261,0
282,1.0,3.0,0.8163265306122448,0.9333333333333333,1.0,0.0,0.02538081266830111,0.826086956521739,0
283,2.0,4.0,0.836734693877551,0.2,0.8,0.4,0.003938748442586713,0.6521739130434783,1
284,1.0,4.0,0.36734693877551017,0.8666666666666667,0.4,0.2,0.025561673566174996,0.5108695652173914,1
285,0.0,2.0,0.9387755102040816,0.4,0.4,1.0,0.8923877657650416,0.8369565217391304,1
286,0.0,4.0,0.14285714285714285,1.0,0.6000000000000001,1.0,0.6880350468228769,0.6413043478260869,0
287,0.0,1.0,0.9591836734693877,0.7333333333333333,0.8,0.6000000000000001,0.1627748080864917,0.9347826086956521,1
288,2.0,5.0,0.28571428571428564,0.0,0.4,0.2,0.0034564527149230344,0.18478260869565216,0
289,2.0,5.0,0.7346938775510203,0.13333333333333333,0.2,0.2,0.007355009846871105,0.43478260869565216,0
290,0.0,5.0,0.7551020408163265,0.8666666666666667,0.6000000000000001,0.4,0.5151521241107673,0.7934782608695652,1
291,1.0,3.0,0.2040816326530612,1.0,0.4,0.8,0.04073389333226156,0.5978260869565217,0
292,0.0,1.0,0.16326530612244897,0.7333333333333333,0.4,1.0,0.5007234435914956,0.5326086956521738,0
293,2.0,0.0,0.16326530612244897,0.0,1.0,0.4,0.0027932960893854754,0.2608695652173913,0
294,1.0,1.0,0.673469387755102,0.13333333333333333,0.6000000000000001,0.2,0.05126401671958523,0.4673913043478261,0
295,0.0,2.0,0.8571428571428571,0.8666666666666667,0.6000000000000001,0.4,0.1946867087335718,0.8478260869565217,0
296,2.0,5.0,0.02040816326530612,1.0,1.0,0.0,0.004561713757485632,0.4239130434782608,0
297,2.0,2.0,0.38775510204081626,0.2,1.0,0.6000000000000001,0.0008641131787307582,0.4891304347826087,0
298,1.0,2.0,0.836734693877551,0.7333333333333333,0.0,0.8,0.09762469354125639,0.7826086956521738,1
299,0.0,4.0,0.8775510204081631,0.3333333333333333,0.0,1.0,0.5928821188858969,0.7173913043478259,0
300,1.0,3.0,0.7959183673469387,0.2,0.6000000000000001,0.2,0.018287046340581162,0.5543478260869565,1
301,2.0,0.0,0.7959183673469387,0.9333333333333333,1.0,0.6000000000000001,0.0024918612595956745,0.9456521739130435,1
302,1.0,6.0,0.10204081632653061,0.8666666666666667,1.0,0.2,0.0746955508219123,0.4673913043478261,1
303,2.0,3.0,0.836734693877551,1.0,0.0,1.0,0.0009444958000080382,0.9130434782608696,1
304,2.0,2.0,0.9795918367346937,0.8,0.0,0.4,0.0039588440979060335,0.7934782608695652,0
305,2.0,3.0,0.7551020408163265,0.9333333333333333,0.6000000000000001,0.4,0.004963626863872032,0.8152173913043477,0
306,1.0,3.0,0.2040816326530612,0.3333333333333333,0.4,0.8,0.05721233069410393,0.3804347826086956,0
307,1.0,1.0,0.5510204081632653,0.5333333333333333,0.4,0.2,0.01796551585547205,0.5,0
308,2.0,6.0,0.510204081632653,0.7333333333333333,0.4,0.0,0.00524496603834251,0.5,1
309,1.0,4.0,0.10204081632653061,0.4666666666666667,0.4,0.4,0.07059603713677103,0.28260869565217395,0
310,2.0,6.0,0.5510204081632653,0.3333333333333333,0.2,0.2,0.0010650697319239582,0.40217391304347827,0
311,2.0,6.0,0.673469387755102,0.6666666666666666,0.2,0.2,0.004521522446846992,0.576086956521739,1
312,0.0,6.0,0.7755102040816325,0.0,0.2,0.6000000000000001,0.8810739118202645,0.5,1
313,2.0,0.0,0.6122448979591836,0.06666666666666667,0.2,0.2,0.0013263132510751173,0.34782608695652173,0
314,2.0,6.0,0.5918367346938774,0.9333333333333333,1.0,1.0,0.007415296812829066,0.923913043478261,1
315,1.0,1.0,0.3061224489795918,0.0,1.0,0.0,0.08377878702624493,0.25,0
316,1.0,1.0,0.32653061224489793,0.26666666666666666,0.2,0.8,0.08815963988585668,0.3913043478260869,0
317,2.0,5.0,0.4693877551020408,0.3333333333333333,0.0,0.8,0.004240183272376512,0.45652173913043476,0
318,1.0,1.0,0.9591836734693877,0.5333333333333333,0.0,0.2,0.04837024235360315,0.6521739130434783,1
319,0.0,5.0,0.5714285714285714,0.4,1.0,0.2,0.8449419235561273,0.5652173913043477,1
320,2.0,5.0,0.7755102040816325,1.0,0.6000000000000001,0.2,0.0039588440979060335,0.8043478260869563,1
321,1.0,2.0,0.7755102040816325,0.4666666666666667,0.8,0.0,0.08717495277521,0.6195652173913044,0
322,2.0,3.0,0.6530612244897959,0.2,0.8,0.4,0.0018488002893774363,0.5543478260869565,1
323,2.0,2.0,0.5918367346938774,0.3333333333333333,0.6000000000000001,0.0,0.0005626783489409591,0.4456521739130434,0
324,2.0,4.0,0.693877551020408,0.4666666666666667,1.0,0.6000000000000001,0.0036373136127969136,0.7391304347826086,1
325,1.0,3.0,0.18367346938775508,0.06666666666666667,0.6000000000000001,0.6000000000000001,0.033479361761987056,0.2717391304347826,0
326,1.0,6.0,0.6530612244897959,0.06666666666666667,0.8,0.0,0.04953579036212371,0.4239130434782608,0
327,1.0,4.0,0.5306122448979591,0.6,0.2,0.0,0.04051284112374905,0.43478260869565216,0
328,2.0,5.0,0.36734693877551017,0.6666666666666666,0.6000000000000001,0.0,0.0030545396085366345,0.43478260869565216,0
329,0.0,2.0,0.02040816326530612,0.3333333333333333,0.4,0.2,0.44443551304208034,0.15217391304347824,0
330,1.0,5.0,0.44897959183673464,0.06666666666666667,0.0,0.4,0.05922189622603593,0.2717391304347826,0
331,2.0,6.0,0.8979591836734693,0.9333333333333333,1.0,0.0,0.004923435553233392,0.8695652173913042,1
332,0.0,4.0,0.4897959183673469,1.0,0.4,0.6000000000000001,0.7158876250954544,0.7065217391304348,1
333,0.0,4.0,0.7346938775510203,0.06666666666666667,0.8,0.6000000000000001,0.7026445882400226,0.5978260869565217,1
334,2.0,6.0,0.3061224489795918,0.0,0.0,0.2,0.006310035770266469,0.13043478260869565,0
335,1.0,1.0,0.7142857142857142,0.4666666666666667,0.6000000000000001,0.2,0.020035368353362004,0.5978260869565217,0
336,2.0,4.0,1.0,0.26666666666666666,0.6000000000000001,0.2,0.0022105220851251963,0.6847826086956521,0
337,2.0,6.0,0.8979591836734693,0.9333333333333333,0.2,0.6000000000000001,0.004380852859611753,0.8695652173913042,0
338,2.0,3.0,0.5510204081632653,0.06666666666666667,1.0,0.6000000000000001,0.004662192034082231,0.5326086956521738,1
339,0.0,1.0,0.346938775510204,1.0,0.4,0.8,0.3507897592540493,0.6739130434782608,1
340,0.0,2.0,0.0,0.3333333333333333,0.8,0.2,0.5161770025320527,0.2065217391304348,0
341,1.0,1.0,0.061224489795918366,0.26666666666666666,0.6000000000000001,0.0,0.0893854748603352,0.14130434782608695,0
342,2.0,5.0,0.08163265306122448,0.5333333333333333,0.6000000000000001,0.0,0.005265061693661831,0.23913043478260865,0
343,0.0,0.0,0.04081632653061225,0.06666666666666667,0.6000000000000001,0.6000000000000001,0.8463285237731604,0.19565217391304346,0
344,0.0,4.0,0.12244897959183673,0.0,0.0,0.2,0.5006832522808569,0.032608695652173905,0
345,2.0,5.0,0.8163265306122448,0.6,0.2,0.6000000000000001,0.00604879225111531,0.7173913043478259,1
346,0.0,4.0,0.4693877551020408,1.0,0.0,0.2,0.5523491821068286,0.5434782608695652,1
347,1.0,0.0,0.4285714285714285,0.4666666666666667,0.2,0.8,0.08623045697520196,0.5108695652173914,0
348,1.0,4.0,0.9387755102040816,0.4,1.0,0.0,0.06565250592821831,0.7173913043478259,1
349,1.0,2.0,0.3061224489795918,0.3333333333333333,0.4,0.2,0.09541417145613118,0.3043478260869565,0
350,1.0,6.0,0.5306122448979591,0.26666666666666666,1.0,0.2,0.09316345806036735,0.5,1
351,0.0,0.0,0.7551020408163265,0.6666666666666666,0.6000000000000001,0.4,0.6697279048269765,0.7282608695652173,0
352,0.0,0.0,0.02040816326530612,0.7333333333333333,0.4,0.8,0.9990956955106307,0.41304347826086957,0
353,1.0,4.0,0.44897959183673464,0.6666666666666666,0.6000000000000001,0.4,0.04672239861741891,0.5652173913043477,1
354,2.0,5.0,0.7551020408163265,0.2,0.2,0.4,0.0037980788553514735,0.5108695652173914,1
355,2.0,5.0,0.9387755102040816,0.6,0.0,1.0,0.0033157831276877936,0.8369565217391304,1
356,2.0,6.0,0.18367346938775508,0.4666666666666667,0.4,1.0,0.005466018246855031,0.45652173913043476,0
357,0.0,6.0,0.7346938775510203,0.0,1.0,0.0,0.21329528555926208,0.47826086956521735,0
358,1.0,5.0,0.44897959183673464,0.26666666666666666,0.8,1.0,0.09559503235400507,0.5978260869565217,1
359,0.0,0.0,0.6530612244897959,0.9333333333333333,0.4,1.0,0.19665608295486514,0.8586956521739131,0
360,1.0,2.0,0.02040816326530612,1.0,0.4,0.2,0.05574534785579358,0.3695652173913043,0
361,2.0,4.0,0.8775510204081631,0.8,0.2,0.2,0.007596157710702945,0.7282608695652173,1
362,0.0,3.0,0.8571428571428571,0.6666666666666666,0.0,1.0,0.3217917286282706,0.8152173913043477,0
363,2.0,5.0,0.38775510204081626,0.5333333333333333,1.0,0.6000000000000001,0.0007837305574534782,0.5978260869565217,1
364,0.0,0.0,0.04081632653061225,0.8,0.2,0.8,0.21538523371247137,0.41304347826086957,0
365,0.0,1.0,0.9183673469387754,0.26666666666666666,0.4,0.6000000000000001,0.2385756199509666,0.6956521739130435,0
366,0.0,0.0,0.8163265306122448,0.3333333333333333,0.8,1.0,0.6077127125115551,0.8152173913043477,1
367,0.0,2.0,0.061224489795918366,0.8,0.4,0.4,0.21606848599332826,0.3695652173913043,0
368,0.0,1.0,0.5918367346938774,0.4666666666666667,0.6000000000000001,0.0,0.1038744423455649,0.4891304347826087,1
369,2.0,3.0,0.18367346938775508,0.0,0.6000000000000001,1.0,0.0021904264298058754,0.33695652173913043,0
370,1.0,1.0,0.16326530612244897,0.0,0.0,0.6000000000000001,0.07662473373256702,0.14130434782608695,0
371,1.0,6.0,0.693877551020408,0.8666666666666667,0.2,1.0,0.022607612234234957,0.826086956521739,0
372,2.0,5.0,0.16326530612244897,0.6666666666666666,0.2,0.8,0.0006430609702182391,0.43478260869565216,0
373,2.0,3.0,0.24489795918367344,0.06666666666666667,1.0,0.6000000000000001,0.0013665045617137573,0.3695652173913043,0
374,0.0,2.0,0.7551020408163265,0.9333333333333333,1.0,1.0,0.7641372935171417,1.0,1
375,0.0,5.0,0.061224489795918366,0.4,1.0,0.8,0.24689522125316507,0.4239130434782608,0
376,0.0,2.0,0.6122448979591836,0.6,0.4,0.6000000000000001,0.24144929866162937,0.6413043478260869,0
377,2.0,6.0,0.4897959183673469,0.06666666666666667,0.4,0.2,0.0029741569872593545,0.3152173913043478,0
378,0.0,1.0,0.9591836734693877,0.5333333333333333,0.6000000000000001,0.8,0.46424982918692975,0.8804347826086956,0
379,2.0,5.0,0.7142857142857142,0.4,0.8,0.8,0.0009043044893693982,0.7391304347826086,0
380,2.0,1.0,0.36734693877551017,1.0,1.0,0.2,0.00016076524255455998,0.6521739130434783,0
381,2.0,2.0,0.8775510204081631,0.06666666666666667,0.8,0.2,0.004943531208552711,0.5869565217391304,1
382,2.0,5.0,0.8571428571428571,0.4,0.0,0.6000000000000001,0.004541618102166311,0.6413043478260869,1
383,1.0,1.0,0.36734693877551017,0.9333333333333333,0.4,0.2,0.06697881917929344,0.5326086956521738,1
384,1.0,0.0,0.44897959183673464,0.0,0.0,0.2,0.02037699449379044,0.2065217391304348,0
385,0.0,4.0,0.44897959183673464,0.8,0.6000000000000001,1.0,0.18216711546963546,0.7391304347826086,1
386,2.0,4.0,0.5306122448979591,0.06666666666666667,0.8,0.2,0.0021502351191672354,0.40217391304347827,0
387,1.0,6.0,0.12244897959183673,0.2,0.0,0.2,0.02779229130661951,0.09782608695652176,0
388,2.0,1.0,0.04081632653061225,0.6666666666666666,0.2,0.8,0.006149270527711909,0.3695652173913043,0
389,2.0,1.0,0.9591836734693877,0.06666666666666667,0.8,0.4,0.0002411478638318391,0.6739130434782608,0
390,0.0,3.0,0.5714285714285714,0.5333333333333333,0.8,0.0,0.2688798681725011,0.5326086956521738,1
391,0.0,3.0,0.7142857142857142,0.26666666666666666,1.0,1.0,0.09977492866042362,0.7717391304347827,1
392,2.0,1.0,0.10204081632653061,0.9333333333333333,0.6000000000000001,1.0,0.007415296812829066,0.5978260869565217,1
393,2.0,2.0,0.9387755102040816,0.8666666666666667,0.8,0.8,0.004822957276636791,1.0,1
394,0.0,4.0,0.8775510204081631,0.0,1.0,0.6000000000000001,0.9271733451227845,0.6847826086956521,1
395,1.0,1.0,0.4081632653061224,1.0,0.6000000000000001,0.4,0.0336200313492223,0.6521739130434783,1
396,1.0,0.0,0.02040816326530612,0.06666666666666667,0.2,1.0,0.08916442265182267,0.2065217391304348,0
397,2.0,4.0,0.7142857142857142,0.8666666666666667,0.4,0.2,0.0032354005064105136,0.6956521739130435,1
398,2.0,5.0,0.4081632653061224,0.8,1.0,0.4,0.007334914191551786,0.6521739130434783,1
399,1.0,2.0,0.04081632653061225,0.4666666666666667,0.2,0.2,0.03840279731522045,0.17391304347826086,0
400,1.0,1.0,0.4897959183673469,0.0,0.6000000000000001,1.0,0.06034725292391785,0.5,0
401,0.0,2.0,0.04081632653061225,0.9333333333333333,0.8,0.4,0.22046943450825932,0.4673913043478261,1
402,1.0,6.0,0.9795918367346937,0.26666666666666666,0.8,0.6000000000000001,0.0528515734898115,0.7934782608695652,1
403,2.0,6.0,0.2040816326530612,0.9333333333333333,0.8,0.2,0.007515775089425665,0.5108695652173914,0
404,0.0,0.0,0.08163265306122448,0.4666666666666667,0.6000000000000001,0.2,0.6230256018648769,0.2608695652173913,0
405,0.0,6.0,0.7551020408163265,0.5333333333333333,0.8,1.0,0.9332623286845385,0.8478260869565217,0
406,1.0,4.0,0.08163265306122448,0.6666666666666666,0.2,0.4,0.008359792612837104,0.3043478260869565,0
407,1.0,1.0,0.08163265306122448,0.0,0.8,0.8,0.02602387363851935,0.2717391304347826,0
408,0.0,6.0,0.346938775510204,0.4,0.6000000000000001,0.0,0.9265704754632049,0.33695652173913043,0
409,1.0,1.0,0.7142857142857142,0.06666666666666667,0.2,0.4,0.02252722961295768,0.4456521739130434,0
410,2.0,4.0,0.0,0.2,0.4,0.0,0.0014066958723523973,0.05434782608695651,0
411,2.0,4.0,0.6530612244897959,0.6666666666666666,0.0,0.0,0.0011655480085205581,0.4891304347826087,0
412,0.0,0.0,0.9795918367346937,0.4,0.4,0.0,0.47801535308066395,0.6413043478260869,1
413,2.0,6.0,0.7959183673469387,0.26666666666666666,0.2,0.0,0.007053575017081308,0.4673913043478261,0
414,0.0,3.0,0.2040816326530612,0.6,0.0,0.0,0.5701539327197461,0.22826086956521735,0
415,0.0,1.0,0.36734693877551017,0.3333333333333333,0.2,1.0,0.8937542703267554,0.47826086956521735,1
416,0.0,6.0,0.9795918367346937,0.5333333333333333,0.0,0.4,0.4726900044210442,0.7065217391304348,1
417,1.0,6.0,0.26530612244897955,0.4,0.4,0.8,0.050419999196173786,0.43478260869565216,0
418,2.0,0.0,0.7959183673469387,0.6666666666666666,0.4,0.0,0.004179896306418553,0.6304347826086956,1
419,1.0,2.0,0.24489795918367344,0.06666666666666667,1.0,0.8,0.07150034162614043,0.41304347826086957,0
420,1.0,6.0,0.08163265306122448,0.13333333333333333,0.2,0.2,0.04023150194927856,0.08695652173913043,0
421,1.0,6.0,0.9387755102040816,1.0,0.6000000000000001,0.8,0.0723845504601905,1.0,0
422,2.0,5.0,0.8163265306122448,0.13333333333333333,0.0,0.2,0.0013263132510751173,0.4456521739130434,0
423,2.0,0.0,0.5918367346938774,0.6,0.8,0.6000000000000001,0.0034162614042843945,0.6956521739130435,1
424,1.0,3.0,0.32653061224489793,0.4666666666666667,1.0,0.2,0.04871186849403159,0.45652173913043476,0
425,2.0,5.0,0.5510204081632653,0.6666666666666666,0.6000000000000001,1.0,0.00588802700856075,0.75,0
426,1.0,6.0,0.04081632653061225,0.9333333333333333,0.4,0.6000000000000001,0.01645834170652305,0.4456521739130434,0
427,0.0,4.0,0.10204081632653061,0.06666666666666667,0.8,1.0,0.5270487520598047,0.34782608695652173,0
428,1.0,6.0,0.7959183673469387,0.6666666666666666,0.0,0.2,0.04937502511956915,0.6086956521739131,1
429,1.0,1.0,0.8775510204081631,0.7333333333333333,0.6000000000000001,0.4,0.054941521643020776,0.8152173913043477,0
430,2.0,5.0,0.16326530612244897,0.4666666666666667,0.6000000000000001,0.4,0.00612917487239259,0.34782608695652173,0
431,1.0,0.0,0.673469387755102,0.6666666666666666,1.0,0.0,0.029560708974719664,0.6630434782608694,1
432,0.0,6.0,0.5714285714285714,0.06666666666666667,0.0,0.8,0.3954423053735783,0.4239130434782608,0
433,2.0,3.0,0.4081632653061224,0.0,1.0,0.2,0.006892809774526748,0.34782608695652173,0
434,2.0,4.0,0.12244897959183673,1.0,0.6000000000000001,0.4,0.0033760700936457545,0.5,0
435,1.0,1.0,0.7142857142857142,0.4666666666666667,0.6000000000000001,0.6000000000000001,0.05819701780475061,0.6847826086956521,0
436,1.0,6.0,1.0,0.0,0.8,0.2,0.015332985008641132,0.6304347826086956,0
437,1.0,4.0,0.7755102040816325,0.4666666666666667,0.2,0.4,0.05898074836220409,0.6086956521739131,1
438,1.0,4.0,0.08163265306122448,0.13333333333333333,0.2,1.0,0.057574052489851694,0.2608695652173913,0
439,2.0,0.0,0.04081632653061225,0.6666666666666666,0.6000000000000001,0.8,0.005747357421325509,0.43478260869565216,0
440,0.0,5.0,0.9795918367346937,0.0,0.2,0.0,0.6075519472690005,0.47826086956521735,1
441,2.0,4.0,0.673469387755102,0.5333333333333333,1.0,1.0,0.005666974800048229,0.8369565217391304,0
442,1.0,3.0,0.8979591836734693,0.6,0.0,0.2,0.08602950042200876,0.6413043478260869,1
443,1.0,0.0,0.8979591836734693,0.0,0.0,0.4,0.017603794059724287,0.4891304347826087,1
444,1.0,3.0,0.693877551020408,0.26666666666666666,0.6000000000000001,0.8,0.011132993046903258,0.6521739130434783,1
445,0.0,1.0,0.44897959183673464,0.06666666666666667,1.0,0.8,0.27225593826614686,0.5217391304347827,1
446,2.0,4.0,0.7959183673469387,0.6,0.0,0.8,0.00592821831919939,0.7173913043478259,1
447,0.0,5.0,0.18367346938775508,0.13333333333333333,0.8,0.6000000000000001,0.926068084080222,0.32608695652173914,0
448,0.0,6.0,0.32653061224489793,0.6,0.4,0.4,0.36626341384992567,0.4456521739130434,0
449,1.0,1.0,0.673469387755102,0.9333333333333333,0.4,0.0,0.0798199429283389,0.6521739130434783,1
450,1.0,0.0,0.8775510204081631,0.4666666666666667,0.0,0.0,0.09806679795828142,0.5434782608695652,1
451,2.0,4.0,0.02040816326530612,0.26666666666666666,1.0,0.8,0.005626783489409589,0.35869565217391297,0
452,1.0,5.0,0.4897959183673469,1.0,0.2,1.0,0.05861902656645633,0.7608695652173914,1
453,0.0,6.0,0.02040816326530612,0.5333333333333333,0.0,0.4,0.7388167678147985,0.19565217391304346,0
454,1.0,1.0,0.6326530612244897,0.4666666666666667,0.4,0.0,0.009304288412845144,0.47826086956521735,1
455,1.0,5.0,0.2040816326530612,0.06666666666666667,0.6000000000000001,0.0,0.013443993408625055,0.15217391304347824,0
456,2.0,3.0,0.08163265306122448,1.0,1.0,0.0,0.0002612435191511591,0.45652173913043476,0
457,2.0,5.0,0.22448979591836735,0.2,0.2,0.2,8.038262127727999e-05,0.18478260869565216,0
458,1.0,0.0,0.18367346938775508,0.3333333333333333,1.0,0.4,0.047847755315300826,0.3804347826086956,0
459,0.0,1.0,0.5714285714285714,0.5333333333333333,0.2,0.2,0.5041798963064186,0.47826086956521735,1
460,1.0,0.0,0.8163265306122448,0.8666666666666667,0.6000000000000001,0.8,0.017443028817169727,0.9130434782608696,1
461,1.0,3.0,0.4081632653061224,0.7333333333333333,0.0,0.0,0.07992042120493549,0.3804347826086956,0
462,1.0,6.0,0.7959183673469387,0.0,0.0,0.0,0.09037016197098188,0.34782608695652173,0
463,0.0,6.0,0.28571428571428564,0.6,0.0,0.4,0.3177525019090872,0.35869565217391297,0
464,0.0,4.0,0.5714285714285714,0.6666666666666666,0.6000000000000001,1.0,0.22663880069129053,0.7608695652173914,1
465,1.0,6.0,0.12244897959183673,0.2,0.6000000000000001,1.0,0.009806679795828143,0.3695652173913043,0
466,1.0,6.0,0.36734693877551017,1.0,0.2,0.0,0.009123427514971262,0.47826086956521735,1
467,2.0,3.0,0.7346938775510203,0.3333333333333333,1.0,0.8,0.0022708090510831554,0.7608695652173914,1
468,1.0,0.0,0.4897959183673469,0.0,1.0,1.0,0.04169848478758892,0.5652173913043477,1
469,0.0,4.0,0.4693877551020408,0.26666666666666666,0.2,0.2,0.9193963265142077,0.33695652173913043,0
470,2.0,0.0,0.02040816326530612,0.5333333333333333,1.0,1.0,0.007495679434106346,0.4891304347826087,1
471,0.0,6.0,0.10204081632653061,0.9333333333333333,0.8,0.6000000000000001,0.8559744383264339,0.5434782608695652,1
472,1.0,6.0,0.08163265306122448,0.8666666666666667,0.2,1.0,0.07322856798360194,0.5,1
473,1.0,6.0,0.9387755102040816,0.8,0.6000000000000001,0.8,0.06591374944736948,0.9565217391304348,1
474,2.0,3.0,0.44897959183673464,0.6666666666666666,0.8,0.8,0.0039588440979060335,0.6847826086956521,1
475,1.0,6.0,0.08163265306122448,0.06666666666666667,0.4,0.6000000000000001,0.09274144929866163,0.18478260869565216,0
476,1.0,0.0,0.7755102040816325,0.0,1.0,0.2,0.09119408383907399,0.5434782608695652,1
477,1.0,0.0,0.673469387755102,0.8666666666666667,1.0,1.0,0.023833447208713478,0.9456521739130435,1
478,1.0,3.0,0.5714285714285714,0.2,0.8,0.0,0.07246493308146779,0.4239130434782608,0
479,2.0,5.0,0.16326530612244897,0.6666666666666666,0.2,0.4,0.0023310960170411163,0.34782608695652173,0
480,0.0,4.0,0.0,0.4666666666666667,0.4,0.4,0.9797033881274869,0.22826086956521735,0
481,0.0,6.0,0.6530612244897959,0.3333333333333333,0.0,0.6000000000000001,0.8713275189903944,0.5108695652173914,0
482,0.0,4.0,0.28571428571428564,1.0,0.2,1.0,0.49304690325951533,0.6521739130434783,1
483,1.0,1.0,0.28571428571428564,0.6,1.0,0.4,0.030123387323660628,0.5217391304347827,0
484,1.0,6.0,1.0,0.8666666666666667,0.6000000000000001,0.6000000000000001,0.03639323178328845,0.9673913043478262,1
485,0.0,4.0,0.510204081632653,0.8,0.6000000000000001,1.0,0.6562437201077127,0.7717391304347827,1
486,0.0,1.0,0.6326530612244897,0.2,0.0,0.0,0.68144367187814,0.32608695652173914,0
487,0.0,0.0,0.061224489795918366,1.0,0.4,0.2,0.17382741851211767,0.3913043478260869,0
488,1.0,6.0,0.4897959183673469,0.5333333333333333,0.2,0.6000000000000001,0.07541899441340781,0.5217391304347827,1
489,2.0,4.0,0.510204081632653,0.6,0.6000000000000001,0.2,0.006470801012821029,0.5326086956521738,1
490,1.0,6.0,0.8163265306122448,0.6,0.4,0.0,0.04324585024717656,0.6195652173913044,0
491,2.0,1.0,0.12244897959183673,0.26666666666666666,0.6000000000000001,1.0,0.0031550178851332336,0.3913043478260869,0
492,2.0,6.0,0.10204081632653061,0.8,0.0,0.8,0.004601905068124272,0.41304347826086957,0
493,2.0,6.0,0.8979591836734693,0.26666666666666666,0.6000000000000001,0.8,0.0020296611872513155,0.7608695652173914,0
494,2.0,1.0,0.6326530612244897,0.9333333333333333,1.0,0.0,0.004501426791527671,0.7282608695652173,1
495,1.0,5.0,0.8571428571428571,0.6,0.0,1.0,0.06078935734094289,0.7934782608695652,1
496,2.0,3.0,0.0,0.4666666666666667,0.2,0.4,0.005988505285157349,0.19565217391304346,0
497,0.0,2.0,0.32653061224489793,0.4,0.2,0.4,0.854849081628552,0.34782608695652173,0
498,0.0,1.0,0.9795918367346937,0.6,0.4,1.0,0.9790402315019493,0.923913043478261,1
499,2.0,5.0,0.16326530612244897,0.06666666666666667,0.6000000000000001,0.2,0.007716731642618867,0.17391304347826086,0
500,1.0,3.0,0.14285714285714285,0.8,0.8,1.0,0.07465535951127367,0.6086956521739131,0
501,1.0,6.0,0.02040816326530612,0.6666666666666666,0.4,0.0,0.06386399260479883,0.2173913043478261,0
502,0.0,0.0,0.9591836734693877,0.2,0.2,0.0,0.46075318516136815,0.5326086956521738,1
503,1.0,0.0,0.38775510204081626,0.26666666666666666,0.8,0.4,0.08819983119649531,0.43478260869565216,0
504,1.0,0.0,0.02040816326530612,0.6,0.2,0.6000000000000001,0.0932237450263253,0.2934782608695652,0
505,2.0,4.0,0.9183673469387754,0.5333333333333333,0.2,0.6000000000000001,0.004622000723443591,0.75,0
506,0.0,2.0,0.693877551020408,0.9333333333333333,0.6000000000000001,1.0,0.45036373136127966,0.9130434782608696,1
507,2.0,0.0,0.0,0.6,0.0,0.4,0.0023712873276797563,0.2065217391304348,0
508,1.0,6.0,0.7142857142857142,0.8666666666666667,0.2,0.8,0.012800932438406815,0.7934782608695652,1
509,1.0,5.0,0.28571428571428564,0.2,0.8,0.2,0.08492423937944617,0.3152173913043478,0
510,2.0,3.0,0.346938775510204,0.9333333333333333,0.6000000000000001,0.4,0.004421044170250393,0.5978260869565217,1
511,1.0,2.0,0.32653061224489793,0.0,0.4,0.4,0.07202282866444275,0.25,0
512,0.0,0.0,0.3061224489795918,0.4666666666666667,0.2,0.2,0.3511313853944777,0.3152173913043478,0
513,2.0,3.0,0.44897959183673464,0.7333333333333333,0.0,0.2,0.007837305574534785,0.4456521739130434,0
514,1.0,2.0,0.9591836734693877,0.5333333333333333,0.8,0.2,0.09537398014549253,0.7826086956521738,1
515,0.0,4.0,0.693877551020408,0.4666666666666667,0.0,0.8,0.9498613399782968,0.6195652173913044,1
516,2.0,4.0,0.18367346938775508,0.0,0.0,0.0,0.0019894698766126755,0.021739130434782608,0
517,1.0,6.0,0.12244897959183673,1.0,0.4,0.2,0.016639202604396934,0.4239130434782608,0
518,1.0,4.0,0.44897959183673464,0.26666666666666666,0.0,0.0,0.04812909448977131,0.25,0
519,2.0,2.0,0.04081632653061225,0.5333333333333333,1.0,0.8,0.004601905068124272,0.45652173913043476,0
520,2.0,0.0,0.9183673469387754,0.26666666666666666,0.4,0.6000000000000001,0.0025320525702343145,0.6956521739130435,1
521,1.0,6.0,0.7346938775510203,0.8,0.0,0.2,0.020899481532092763,0.6195652173913044,1
522,0.0,4.0,0.4693877551020408,0.4,1.0,0.0,0.9254853100759617,0.4673913043478261,1
523,2.0,0.0,0.4693877551020408,0.0,1.0,0.0,0.0039186527872673935,0.33695652173913043,0
524,0.0,4.0,0.38775510204081626,0.3333333333333333,0.8,0.0,0.6000763634902134,0.3695652173913043,0
525,0.0,5.0,1.0,0.0,0.8,1.0,0.9557091756762189,0.8043478260869563,0
526,1.0,6.0,0.08163265306122448,0.8,0.6000000000000001,1.0,0.09123427514971263,0.5434782608695652,1
527,1.0,0.0,0.08163265306122448,0.8666666666666667,0.0,0.2,0.025461195289578395,0.2934782608695652,0
528,2.0,6.0,0.3061224489795918,0.8666666666666667,0.6000000000000001,0.4,0.006169366183031228,0.5543478260869565,0
529,1.0,1.0,0.08163265306122448,0.7333333333333333,0.4,0.8,0.09599694546039146,0.4456521739130434,0
530,2.0,3.0,0.7551020408163265,0.9333333333333333,0.0,0.8,0.004019131063863993,0.8043478260869563,0
531,2.0,4.0,0.44897959183673464,1.0,0.8,0.4,0.0019090872553353963,0.7065217391304348,1
532,0.0,5.0,0.8571428571428571,0.4666666666666667,0.2,0.2,0.5544994172259958,0.6086956521739131,0
533,2.0,2.0,0.6122448979591836,0.2,0.8,1.0,0.007656444676660906,0.6630434782608694,1
534,2.0,3.0,0.5510204081632653,0.7333333333333333,0.2,0.4,0.006169366183031228,0.576086956521739,1
535,0.0,0.0,0.6326530612244897,1.0,1.0,0.4,0.35922993448816365,0.8369565217391304,0
536,1.0,4.0,0.6122448979591836,0.2,0.8,0.0,0.07604195972830674,0.4456521739130434,0
537,1.0,5.0,0.6122448979591836,0.13333333333333333,0.2,0.8,0.009344479723483783,0.5,1
538,0.0,1.0,0.14285714285714285,0.6666666666666666,0.0,0.4,0.9224709617780636,0.3043478260869565,0
539,2.0,5.0,0.693877551020408,0.9333333333333333,1.0,0.4,0.00580764438728347,0.8478260869565217,1
540,2.0,2.0,0.3061224489795918,0.6666666666666666,0.2,0.6000000000000001,0.005144487761745911,0.4673913043478261,0
541,0.0,5.0,0.26530612244897955,0.9333333333333333,0.2,0.0,0.9154173867609824,0.40217391304347827,0
542,1.0,6.0,0.4897959183673469,0.06666666666666667,0.0,0.0,0.04376833728547888,0.2065217391304348,0
543,2.0,5.0,0.693877551020408,1.0,0.8,0.6000000000000001,0.006350227080905107,0.8804347826086956,1
544,0.0,2.0,0.6326530612244897,0.13333333333333333,0.4,0.4,0.660845625175837,0.45652173913043476,0
545,0.0,4.0,0.9591836734693877,0.5333333333333333,0.2,0.4,0.5432458502471766,0.7282608695652173,1
546,2.0,3.0,0.8571428571428571,0.26666666666666666,0.4,0.6000000000000001,0.0005023913829829991,0.6630434782608694,1
547,0.0,6.0,0.5306122448979591,0.6,0.8,0.2,0.2674530766448294,0.576086956521739,0
548,0.0,3.0,0.16326530612244897,1.0,0.4,0.6000000000000001,0.4538201840762027,0.5326086956521738,1
549,0.0,4.0,0.9183673469387754,0.3333333333333333,0.8,0.6000000000000001,0.2662071460150316,0.7826086956521738,0
550,0.0,0.0,0.693877551020408,0.3333333333333333,0.2,0.2,0.4415015473654596,0.47826086956521735,1
551,2.0,5.0,0.7142857142857142,0.2,0.0,0.0,0.007375105502190428,0.3695652173913043,0
552,0.0,1.0,0.510204081632653,0.4,0.4,0.8,0.824323781198505,0.5652173913043477,1
553,2.0,4.0,0.22448979591836735,0.8666666666666667,1.0,0.0,0.00560668783409027,0.4891304347826087,1
554,1.0,1.0,0.673469387755102,0.9333333333333333,0.0,0.6000000000000001,0.07939793416663317,0.7173913043478259,1
555,1.0,0.0,0.36734693877551017,0.26666666666666666,0.0,0.0,0.07137976769422451,0.2065217391304348,0
556,0.0,2.0,0.836734693877551,0.8,1.0,0.0,0.8728346931393434,0.7934782608695652,1
557,2.0,1.0,0.7755102040816325,0.26666666666666666,0.6000000000000001,1.0,0.0032956874723684745,0.7391304347826086,1
558,1.0,0.0,0.12244897959183673,0.2,0.0,0.4,0.07992042120493549,0.14130434782608695,0
559,2.0,0.0,0.5918367346938774,0.3333333333333333,0.2,0.4,0.0012861219404364773,0.4673913043478261,0
560,1.0,1.0,0.44897959183673464,0.0,0.6000000000000001,0.2,0.018146376753345926,0.3043478260869565,0
561,1.0,4.0,0.6326530612244897,0.26666666666666666,0.2,0.6000000000000001,0.02570234315341023,0.5108695652173914,0
562,2.0,3.0,1.0,0.3333333333333333,0.8,0.4,0.0023913829829990754,0.7826086956521738,0
563,2.0,5.0,0.16326530612244897,0.6,0.4,0.0,0.0012057393191591981,0.2717391304347826,0
564,1.0,6.0,0.22448979591836735,0.4,0.4,0.8,0.09505244966038343,0.41304347826086957,0
565,2.0,6.0,0.5918367346938774,0.6666666666666666,0.2,0.0,0.004983722519191351,0.4891304347826087,1
566,0.0,0.0,0.04081632653061225,0.6,0.0,0.2,0.16223222539287005,0.18478260869565216,0
567,2.0,1.0,0.5306122448979591,1.0,0.2,0.2,0.0018287046340581163,0.6086956521739131,0
568,2.0,4.0,0.32653061224489793,0.4,0.4,0.6000000000000001,0.0028937743659820745,0.4239130434782608,0
569,0.0,4.0,0.7755102040816325,0.6666666666666666,0.6000000000000001,0.4,0.8073630481089988,0.7391304347826086,0
570,2.0,5.0,0.8775510204081631,0.4666666666666667,0.4,0.6000000000000001,0.004601905068124272,0.7391304347826086,1
571,1.0,3.0,0.04081632653061225,0.8,0.0,0.6000000000000001,0.023833447208713478,0.33695652173913043,0
572,1.0,1.0,0.10204081632653061,0.5333333333333333,0.4,0.6000000000000001,0.08952614444757044,0.34782608695652173,0
573,1.0,3.0,0.9591836734693877,0.5333333333333333,0.6000000000000001,0.4,0.036614283991800965,0.7934782608695652,1
574,1.0,0.0,0.14285714285714285,0.2,0.4,0.0,0.07845343836662513,0.13043478260869565,0
575,0.0,3.0,0.6530612244897959,0.3333333333333333,0.2,0.8,0.5424621196897231,0.5869565217391304,1
576,2.0,6.0,0.510204081632653,0.3333333333333333,0.6000000000000001,0.8,0.0012459306297978373,0.576086956521739,1
577,0.0,0.0,0.32653061224489793,0.4666666666666667,0.4,0.0,0.1615690687673325,0.3152173913043478,0
578,2.0,3.0,0.10204081632653061,0.9333333333333333,0.8,0.4,0.004963626863872032,0.5,0
579,2.0,5.0,0.14285714285714285,0.0,0.6000000000000001,0.0,0.005184679072384551,0.09782608695652176,0
580,1.0,3.0,0.6326530612244897,0.0,0.2,1.0,0.09306297978377075,0.5108695652173914,1
581,0.0,1.0,0.24489795918367344,0.8666666666666667,1.0,0.8,0.5438688155620756,0.6739130434782608,0
582,2.0,4.0,0.08163265306122448,0.6666666666666666,0.0,0.0,0.006772235842610826,0.18478260869565216,0
583,1.0,5.0,0.9591836734693877,0.7333333333333333,0.6000000000000001,0.8,0.09055102286885575,0.9456521739130435,1
584,1.0,1.0,0.4897959183673469,0.06666666666666667,0.0,0.0,0.0902897793497046,0.2065217391304348,0
585,0.0,1.0,0.0,0.5333333333333333,0.0,0.4,0.32269603311763995,0.18478260869565216,0
586,2.0,6.0,0.26530612244897955,0.6,0.4,0.6000000000000001,0.0008641131787307582,0.45652173913043476,0
587,0.0,6.0,0.836734693877551,0.6,0.0,1.0,0.6370925605884009,0.7826086956521738,1
588,0.0,1.0,0.5918367346938774,0.4,0.4,0.8,0.8369237570837186,0.6086956521739131,0
589,2.0,6.0,0.44897959183673464,0.6,0.6000000000000001,0.0,2.0095655319319998e-05,0.45652173913043476,0
590,2.0,2.0,0.5918367346938774,0.8,0.6000000000000001,0.2,0.0021502351191672354,0.6413043478260869,1
591,1.0,6.0,0.32653061224489793,1.0,0.6000000000000001,0.2,0.04833005104296451,0.5652173913043477,1
592,0.0,0.0,0.693877551020408,0.7333333333333333,0.8,0.2,0.8760499979904345,0.7065217391304348,1
593,1.0,2.0,0.6326530612244897,0.8,0.6000000000000001,0.0,0.07200273300912342,0.6195652173913044,0
594,2.0,3.0,0.4897959183673469,1.0,0.8,0.8,0.006792331497930149,0.8152173913043477,1
595,2.0,0.0,0.8979591836734693,0.8,0.8,0.8,0.004983722519191351,0.9673913043478262,1
596,1.0,5.0,0.5306122448979591,0.9333333333333333,0.6000000000000001,0.2,0.057734817732406254,0.6521739130434783,0
597,0.0,2.0,0.8571428571428571,0.6666666666666666,0.4,0.2,0.4735139262891363,0.7065217391304348,1
598,2.0,0.0,0.061224489795918366,0.7333333333333333,0.0,0.4,0.007435392468148385,0.28260869565217395,0
599,2.0,4.0,0.32653061224489793,0.9333333333333333,1.0,0.6000000000000001,0.006993288051123347,0.6956521739130435,1
600,0.0,4.0,0.44897959183673464,0.6666666666666666,0.2,0.8,0.3885494955990515,0.5869565217391304,0
601,2.0,2.0,0.693877551020408,1.0,0.6000000000000001,0.2,0.0010047827659659982,0.7608695652173914,1
602,0.0,1.0,0.693877551020408,0.7333333333333333,0.8,0.6000000000000001,0.28994011494714844,0.7934782608695652,1
603,1.0,3.0,0.32653061224489793,0.4,0.0,0.0,0.028596117519392304,0.22826086956521735,0
604,0.0,0.0,0.18367346938775508,0.9333333333333333,0.6000000000000001,0.6000000000000001,0.23077850568707045,0.5543478260869565,1
605,0.0,0.0,0.6122448979591836,0.2,0.8,0.8,0.6071902254732527,0.6195652173913044,0
606,0.0,2.0,0.9591836734693877,0.0,0.2,0.2,0.724528756882762,0.5108695652173914,0
607,0.0,6.0,1.0,0.6,0.8,0.0,0.327096981632571,0.7826086956521738,0
608,0.0,2.0,0.22448979591836735,0.13333333333333333,0.8,1.0,0.42755516257385157,0.43478260869565216,0
609,1.0,3.0,0.9387755102040816,0.2,0.2,0.6000000000000001,0.008721514408584865,0.6521739130434783,1
610,2.0,2.0,0.2040816326530612,0.9333333333333333,0.8,0.6000000000000001,0.0005626783489409591,0.5978260869565217,1
611,0.0,5.0,0.8775510204081631,0.8666666666666667,0.6000000000000001,0.8,0.5027129134681083,0.9456521739130435,0
612,1.0,4.0,0.7142857142857142,0.6666666666666666,0.4,0.8,0.08401993489007677,0.7608695652173914,1
613,2.0,2.0,0.7346938775510203,0.7333333333333333,0.4,0.8,0.0034564527149230344,0.7934782608695652,1
614,0.0,0.0,0.4285714285714285,0.9333333333333333,0.0,0.4,0.9082030465013464,0.5434782608695652,1
615,0.0,5.0,0.04081632653061225,0.6,1.0,0.0,0.6291346810819501,0.3043478260869565,0
616,0.0,4.0,0.5714285714285714,0.2,0.4,0.8,0.6672159479120615,0.5326086956521738,0
617,2.0,2.0,0.02040816326530612,1.0,0.0,0.4,0.0008641131787307582,0.34782608695652173,0
618,0.0,2.0,0.693877551020408,1.0,0.4,0.4,1.0,0.7717391304347827,1
619,0.0,2.0,0.5918367346938774,0.9333333333333333,0.4,1.0,0.4918411639403561,0.826086956521739,1
620,1.0,3.0,0.44897959183673464,0.06666666666666667,1.0,0.8,0.06521040151119328,0.5217391304347827,1
621,1.0,6.0,0.6122448979591836,0.9333333333333333,0.4,0.0,0.03406213576624734,0.6195652173913044,1
622,0.0,2.0,0.7551020408163265,1.0,0.6000000000000001,0.8,0.38812748683734577,0.923913043478261,1
623,2.0,4.0,0.673469387755102,0.6666666666666666,0.2,0.0,0.00014066958723523999,0.5326086956521738,1
624,0.0,3.0,0.04081632653061225,1.0,0.2,0.0,0.21570676419758048,0.3043478260869565,0
625,0.0,5.0,0.04081632653061225,0.06666666666666667,0.6000000000000001,1.0,0.172340340018488,0.28260869565217395,0
626,1.0,1.0,0.7346938775510203,0.7333333333333333,1.0,0.4,0.04119609340460592,0.8043478260869563,0
627,1.0,4.0,0.346938775510204,0.06666666666666667,0.4,1.0,0.02797315220449339,0.41304347826086957,0
628,2.0,3.0,0.18367346938775508,0.9333333333333333,0.6000000000000001,0.2,0.00014066958723523999,0.4673913043478261,0
629,1.0,2.0,0.5306122448979591,0.6,1.0,0.4,0.03480567501306218,0.6521739130434783,0
630,1.0,3.0,0.4285714285714285,0.06666666666666667,1.0,1.0,0.009103331859651943,0.5543478260869565,1
631,0.0,0.0,0.7755102040816325,0.13333333333333333,0.8,0.6000000000000001,0.23570194124030386,0.6413043478260869,1
632,0.0,4.0,0.08163265306122448,0.2,0.8,1.0,0.2534464048872634,0.3804347826086956,0
633,2.0,1.0,0.24489795918367344,0.26666666666666666,0.8,0.6000000000000001,0.004421044170250393,0.40217391304347827,0
634,0.0,3.0,0.836734693877551,0.8,0.8,0.4,0.8030625778706644,0.8478260869565217,1
635,0.0,4.0,0.9183673469387754,0.06666666666666667,0.2,0.4,0.8184558498452635,0.5543478260869565,1
636,2.0,2.0,0.26530612244897955,0.6666666666666666,0.4,0.0,0.007194244604316545,0.34782608695652173,0
637,0.0,6.0,0.6326530612244897,0.6,0.2,0.6000000000000001,0.20431252763152605,0.6195652173913044,1
638,0.0,3.0,0.14285714285714285,1.0,0.0,0.0,0.7646396849001246,0.32608695652173914,0
639,1.0,5.0,0.346938775510204,0.13333333333333333,0.0,0.2,0.04406977211526868,0.19565217391304346,0
640,1.0,4.0,0.6326530612244897,0.3333333333333333,0.2,0.4,0.06621518427715928,0.4891304347826087,1
641,0.0,5.0,0.38775510204081626,0.9333333333333333,0.4,0.8,0.7158876250954544,0.6739130434782608,0
642,2.0,3.0,0.9183673469387754,0.0,0.8,0.8,0.0030143482978979945,0.7173913043478259,1
643,1.0,0.0,0.673469387755102,0.9333333333333333,0.0,0.2,0.01018849724689522,0.6304347826086956,1
644,2.0,4.0,0.5510204081632653,0.9333333333333333,0.8,0.6000000000000001,0.007957879506450707,0.7826086956521738,1
645,2.0,6.0,0.4285714285714285,0.7333333333333333,0.6000000000000001,0.2,0.0010851653872432782,0.5326086956521738,1
646,2.0,2.0,0.10204081632653061,0.8,0.4,0.4,0.0038181745106707927,0.3913043478260869,0
647,1.0,1.0,0.22448979591836735,0.3333333333333333,1.0,0.4,0.09246011012419116,0.40217391304347827,0
648,1.0,4.0,1.0,0.4,0.6000000000000001,0.2,0.03502672722157469,0.7282608695652173,1
649,0.0,0.0,0.36734693877551017,0.8,0.4,0.4,0.8936136007395201,0.5326086956521738,1
650,0.0,4.0,0.8979591836734693,0.6666666666666666,0.4,1.0,0.7946424982918694,0.9021739130434783,0
651,1.0,4.0,0.5306122448979591,0.8666666666666667,0.8,1.0,0.019492785659740365,0.8369565217391304,0
652,2.0,3.0,0.18367346938775508,0.0,0.4,0.6000000000000001,0.005867931353241429,0.2173913043478261,0
653,1.0,1.0,0.08163265306122448,0.06666666666666667,0.8,0.2,0.07670511635384429,0.16304347826086957,0
654,0.0,0.0,0.4081632653061224,0.4,0.6000000000000001,0.8,0.2705277119086853,0.5434782608695652,1
655,1.0,1.0,0.32653061224489793,0.8,1.0,0.8,0.07666492504320566,0.6956521739130435,0
656,0.0,6.0,0.28571428571428564,0.4666666666666667,0.2,0.6000000000000001,0.44359149551866883,0.3913043478260869,0
657,2.0,6.0,0.08163265306122448,0.4,1.0,0.2,0.007917688195812065,0.3043478260869565,0
658,0.0,0.0,0.9795918367346937,0.0,1.0,0.8,0.36742896185844626,0.7826086956521738,1
659,0.0,6.0,0.36734693877551017,0.4,0.2,0.8,0.6416341786905672,0.45652173913043476,0
660,0.0,4.0,0.5306122448979591,0.8,0.6000000000000001,1.0,0.3163859973473735,0.7826086956521738,1
661,1.0,0.0,0.0,0.06666666666666667,0.6000000000000001,0.6000000000000001,0.06840561070696516,0.17391304347826086,0
662,1.0,2.0,0.7346938775510203,0.8666666666666667,0.0,1.0,0.08488404806880752,0.8152173913043477,1
663,0.0,2.0,0.7142857142857142,0.2,0.6000000000000001,0.0,0.7909448977131145,0.4673913043478261,1
664,0.0,0.0,0.28571428571428564,0.6,0.8,1.0,0.6048993207668503,0.6195652173913044,0
665,2.0,4.0,0.36734693877551017,0.13333333333333333,1.0,0.6000000000000001,0.004260278927695833,0.45652173913043476,0
666,0.0,4.0,0.36734693877551017,0.5333333333333333,0.2,0.4,0.30700132631325106,0.41304347826086957,0
667,1.0,3.0,0.22448979591836735,0.6666666666666666,0.4,0.6000000000000001,0.04640086813230979,0.45652173913043476,0
668,0.0,5.0,0.2040816326530612,0.8666666666666667,0.2,0.2,0.6078734777541096,0.3913043478260869,0
669,1.0,4.0,0.346938775510204,1.0,0.2,0.4,0.09326393633696395,0.5543478260869565,0
670,0.0,2.0,0.32653061224489793,0.3333333333333333,0.4,0.2,0.9710823519954986,0.3152173913043478,0
671,2.0,5.0,0.7959183673469387,0.5333333333333333,0.0,0.4,0.0006832522808568791,0.6086956521739131,1
672,0.0,1.0,0.44897959183673464,0.4,0.8,0.6000000000000001,0.5362525621960533,0.5543478260869565,1
673,1.0,4.0,0.8979591836734693,0.6,0.4,0.0,0.04991760781319079,0.6630434782608694,1
674,0.0,6.0,0.14285714285714285,0.8,0.8,0.4,0.3910011655480085,0.47826086956521735,1
675,0.0,3.0,0.6530612244897959,0.3333333333333333,0.0,0.0,0.12447248904786784,0.3804347826086956,0
676,1.0,0.0,0.24489795918367344,1.0,0.6000000000000001,0.8,0.023270768859772514,0.6521739130434783,1
677,2.0,0.0,0.3061224489795918,0.3333333333333333,0.0,0.4,0.0032755918170491536,0.28260869565217395,0
678,1.0,1.0,0.693877551020408,0.26666666666666666,0.2,0.6000000000000001,0.07214340259635867,0.5434782608695652,1
679,0.0,2.0,0.12244897959183673,0.8,0.2,0.4,0.8535227683774769,0.3695652173913043,0
680,2.0,3.0,0.693877551020408,0.4666666666666667,0.4,0.8,0.0022909047064024763,0.6847826086956521,0
681,2.0,6.0,0.0,0.7333333333333333,0.0,0.6000000000000001,0.00588802700856075,0.2934782608695652,0
682,1.0,0.0,0.693877551020408,0.8666666666666667,0.0,0.0,0.0967404847072063,0.576086956521739,1
683,0.0,0.0,0.2040816326530612,0.6,1.0,0.0,0.3317993649772919,0.3913043478260869,0
684,0.0,1.0,0.8775510204081631,0.9333333333333333,0.8,0.4,0.35890840400305457,0.9130434782608696,1
685,0.0,4.0,0.4285714285714285,0.4,0.6000000000000001,0.6000000000000001,0.3010731079940517,0.5108695652173914,1
686,2.0,4.0,0.12244897959183673,0.06666666666666667,0.0,0.4,0.00508420079578795,0.09782608695652176,0
687,1.0,1.0,0.38775510204081626,0.8666666666666667,1.0,1.0,0.09581608456251758,0.7934782608695652,0
688,0.0,1.0,0.4081632653061224,0.4,1.0,0.0,0.844801253968892,0.43478260869565216,0
689,2.0,6.0,0.061224489795918366,0.8,1.0,0.2,0.0008440175234114382,0.4239130434782608,0
690,2.0,2.0,1.0,0.6,0.6000000000000001,0.6000000000000001,0.006772235842610826,0.8804347826086956,1
691,1.0,1.0,0.08163265306122448,0.13333333333333333,0.6000000000000001,0.2,0.07294722880913146,0.15217391304347824,0
692,1.0,2.0,0.510204081632653,1.0,0.0,0.6000000000000001,0.045737711506772236,0.6521739130434783,1
693,1.0,1.0,0.4081632653061224,0.13333333333333333,0.6000000000000001,0.0,0.08042281258791849,0.28260869565217395,0
694,2.0,4.0,0.38775510204081626,0.26666666666666666,1.0,0.0,0.007837305574534785,0.3804347826086956,0
695,0.0,3.0,0.5306122448979591,0.6,0.0,0.4,0.842349584019935,0.4891304347826087,1
696,0.0,6.0,0.8775510204081631,0.3333333333333333,0.4,0.8,0.156826494111973,0.7391304347826086,1
697,2.0,4.0,0.8775510204081631,0.8666666666666667,0.6000000000000001,0.4,0.0034765483702423536,0.8586956521739131,1
698,2.0,1.0,0.9591836734693877,0.6666666666666666,0.8,0.8,0.0019492785659740363,0.9565217391304348,1
699,0.0,3.0,0.8979591836734693,0.9333333333333333,1.0,0.0,0.7644789196575701,0.8695652173913042,1
700,0.0,1.0,0.673469387755102,0.5333333333333333,0.4,1.0,0.09931272858807925,0.7391304347826086,1
701,0.0,6.0,0.673469387755102,0.3333333333333333,1.0,0.8,0.340661548973112,0.7282608695652173,0
702,1.0,5.0,0.6530612244897959,1.0,1.0,0.8,0.08512519593263937,0.9347826086956521,1
703,0.0,5.0,0.8571428571428571,0.0,0.4,0.6000000000000001,0.7683975724448374,0.576086956521739,1
704,0.0,0.0,0.16326530612244897,0.0,1.0,1.0,0.7281861661508783,0.3913043478260869,0
705,2.0,0.0,0.08163265306122448,0.0,1.0,0.4,0.0007234435914955182,0.2173913043478261,0
706,0.0,2.0,0.6122448979591836,0.8,0.8,1.0,0.2590329970660343,0.8586956521739131,0
707,0.0,2.0,0.16326530612244897,1.0,0.4,0.4,0.12276435834572565,0.4891304347826087,1
708,0.0,4.0,0.38775510204081626,0.7333333333333333,0.4,0.0,0.4188336481652667,0.43478260869565216,0
709,0.0,4.0,0.8163265306122448,0.4,1.0,0.6000000000000001,0.3668059965435473,0.7826086956521738,1
710,1.0,6.0,0.5714285714285714,0.2,0.4,1.0,0.046179815923797274,0.576086956521739,0
711,0.0,1.0,0.32653061224489793,0.9333333333333333,1.0,0.4,0.5261042562597967,0.6521739130434783,1
712,2.0,2.0,0.7346938775510203,0.26666666666666666,0.4,0.2,0.005104296451107271,0.5108695652173914,0
713,0.0,1.0,0.673469387755102,0.26666666666666666,1.0,1.0,0.18990394276757364,0.75,1
714,1.0,3.0,0.0,0.26666666666666666,0.4,0.4,0.07053575017081307,0.16304347826086957,0
715,2.0,3.0,0.6326530612244897,0.3333333333333333,1.0,0.0,0.0024717656042763554,0.5326086956521738,1
716,1.0,6.0,0.28571428571428564,0.26666666666666666,0.0,0.2,0.03838270165990113,0.2065217391304348,0
717,1.0,6.0,0.9183673469387754,0.9333333333333333,0.0,0.8,0.08673284835818496,0.8913043478260869,1
718,2.0,5.0,0.7142857142857142,0.3333333333333333,0.0,0.0,0.004119609340460592,0.41304347826086957,0
719,0.0,6.0,0.14285714285714285,0.13333333333333333,0.2,0.0,0.2442024034403762,0.07608695652173911,0
720,1.0,5.0,0.0,0.8,0.2,0.8,0.054941521643020776,0.3913043478260869,0
721,2.0,5.0,0.6326530612244897,0.4666666666666667,1.0,1.0,0.0023511916723604354,0.7934782608695652,1
722,1.0,1.0,0.673469387755102,1.0,0.4,0.8,0.07457497688999638,0.8478260869565217,1
723,1.0,1.0,0.7346938775510203,0.6,0.8,0.0,0.021864072987420123,0.6413043478260869,1
724,2.0,5.0,0.04081632653061225,0.8,0.0,0.0,0.0026928178127888745,0.2065217391304348,0
725,2.0,6.0,0.7959183673469387,0.9333333333333333,0.6000000000000001,0.0,0.007013383706442666,0.75,1
726,1.0,4.0,0.7959183673469387,0.5333333333333333,0.4,1.0,0.012499497608617018,0.8043478260869563,0
727,1.0,6.0,0.7346938775510203,0.8,0.6000000000000001,0.0,0.06673767131546159,0.6739130434782608,1
728,2.0,3.0,0.510204081632653,1.0,1.0,0.2,0.0010851653872432782,0.7282608695652173,0
729,2.0,4.0,0.8571428571428571,0.8666666666666667,1.0,0.4,0.0015071741489489972,0.9130434782608696,1
730,2.0,1.0,0.7346938775510203,0.5333333333333333,0.2,0.2,0.0036574092681162327,0.5652173913043477,1
731,1.0,2.0,0.14285714285714285,0.4,0.6000000000000001,0.0,0.08273381294964029,0.22826086956521735,0
732,1.0,5.0,0.8979591836734693,0.6666666666666666,0.8,0.0,0.0242554559704192,0.75,0
733,1.0,5.0,0.38775510204081626,0.8,0.6000000000000001,0.4,0.052349182106828505,0.576086956521739,1
734,0.0,4.0,0.04081632653061225,0.4666666666666667,0.0,0.4,0.12198062778827218,0.18478260869565216,0
735,1.0,1.0,0.6122448979591836,0.6666666666666666,0.8,0.0,0.012238254089465859,0.5978260869565217,1
736,0.0,6.0,0.02040816326530612,0.13333333333333333,0.6000000000000001,0.4,0.7097986415337005,0.16304347826086957,0
737,2.0,1.0,0.7755102040816325,0.6666666666666666,0.8,0.0,0.0013866002170330773,0.6847826086956521,0
738,0.0,1.0,0.9183673469387754,0.4666666666666667,1.0,1.0,0.5629395924601102,0.9456521739130435,1
739,0.0,4.0,0.693877551020408,0.8666666666666667,1.0,0.8,0.3286845384027973,0.9130434782608696,0
740,1.0,5.0,0.346938775510204,0.0,0.8,0.8,0.055805634821751535,0.41304347826086957,0
741,0.0,1.0,0.8163265306122448,0.0,0.0,0.8,0.5506611470600057,0.5326086956521738,1
742,2.0,0.0,0.18367346938775508,0.3333333333333333,0.6000000000000001,1.0,0.007797114263896147,0.4456521739130434,0
743,2.0,1.0,0.12244897959183673,1.0,0.6000000000000001,0.8,0.0028535830553434345,0.5869565217391304,0
744,0.0,6.0,0.836734693877551,0.13333333333333333,1.0,1.0,0.5560869739962221,0.7934782608695652,1
745,0.0,4.0,0.673469387755102,0.0,1.0,0.4,0.9822153450424019,0.5326086956521738,1
746,1.0,0.0,0.4081632653061224,0.13333333333333333,0.0,0.4,0.03130903098750051,0.2717391304347826,0
747,1.0,6.0,0.2040816326530612,0.5333333333333333,0.6000000000000001,0.4,0.04716450303444395,0.3913043478260869,0
748,1.0,4.0,0.22448979591836735,0.7333333333333333,0.6000000000000001,0.6000000000000001,0.05421807805152526,0.5108695652173914,0
749,0.0,5.0,0.346938775510204,0.7333333333333333,0.6000000000000001,0.2,0.7290904706402476,0.4891304347826087,0
750,0.0,0.0,0.36734693877551017,0.4666666666666667,0.8,1.0,0.6881556207547929,0.6195652173913044,1
751,2.0,6.0,0.9591836734693877,0.4,0.8,0.2,0.0003818174510670791,0.7391304347826086,1
752,1.0,6.0,0.38775510204081626,0.06666666666666667,0.2,0.6000000000000001,0.013705236927776214,0.3152173913043478,0
753,2.0,5.0,0.6530612244897959,0.2,0.8,0.0,0.0016277480808649172,0.4673913043478261,1
754,1.0,6.0,0.510204081632653,0.2,1.0,0.8,0.06342188818777379,0.5978260869565217,0
755,0.0,1.0,0.7142857142857142,0.0,1.0,0.6000000000000001,0.38043085085004624,0.5978260869565217,1
756,0.0,0.0,0.8979591836734693,0.8,0.0,0.8,0.669948957035489,0.8369565217391304,0
757,2.0,5.0,0.38775510204081626,0.2,1.0,0.8,0.0,0.5326086956521738,1
758,0.0,5.0,0.26530612244897955,0.06666666666666667,0.6000000000000001,1.0,0.5504400948514931,0.40217391304347827,0
759,0.0,1.0,0.7755102040816325,0.13333333333333333,1.0,0.2,0.47610626582532856,0.5869565217391304,1
760,1.0,2.0,0.24489795918367344,0.2,0.8,0.2,0.07111852417507335,0.2934782608695652,0
761,0.0,5.0,0.22448979591836735,0.6666666666666666,1.0,0.0,0.3318194606326112,0.4239130434782608,0
762,1.0,2.0,0.22448979591836735,0.4,0.2,0.4,0.016438246051203725,0.2934782608695652,0
763,1.0,4.0,0.5306122448979591,0.8,0.4,0.2,0.03846308428117841,0.576086956521739,1
764,1.0,1.0,0.04081632653061225,1.0,0.0,0.6000000000000001,0.0234516297576464,0.40217391304347827,0
765,0.0,2.0,0.24489795918367344,0.4,1.0,0.4,0.6781077930951328,0.43478260869565216,0
766,0.0,3.0,0.5306122448979591,0.8,0.0,0.8,0.7952252722961297,0.6413043478260869,1
767,2.0,0.0,0.04081632653061225,0.0,0.8,1.0,0.00520477472770387,0.2934782608695652,0
768,1.0,4.0,0.9591836734693877,0.8666666666666667,1.0,0.6000000000000001,0.07614243800490333,1.0,0
769,0.0,6.0,0.10204081632653061,0.8,0.0,0.6000000000000001,0.1260399501627748,0.3695652173913043,0
770,1.0,2.0,0.510204081632653,0.8666666666666667,0.0,1.0,0.015996141634178694,0.6956521739130435,1
771,1.0,5.0,0.04081632653061225,0.26666666666666666,0.8,0.4,0.08635103090711789,0.25,0
772,0.0,3.0,0.32653061224489793,0.6,0.0,0.4,0.7865439491981835,0.3804347826086956,0
773,0.0,0.0,0.7959183673469387,0.3333333333333333,0.8,1.0,0.9721273260721033,0.8043478260869563,0
774,0.0,2.0,0.3061224489795918,0.2,0.0,0.8,0.9294441541738676,0.32608695652173914,0
775,2.0,6.0,0.9183673469387754,0.3333333333333333,0.6000000000000001,0.6000000000000001,0.007435392468148385,0.75,1
776,2.0,1.0,0.346938775510204,0.0,0.0,0.0,0.006571279289417628,0.10869565217391303,0
777,1.0,3.0,0.10204081632653061,0.26666666666666666,0.8,0.2,0.06900848036654475,0.23913043478260865,0
778,2.0,2.0,0.04081632653061225,1.0,0.8,0.6000000000000001,0.00012057393191591999,0.5326086956521738,1
779,2.0,6.0,0.6122448979591836,0.9333333333333333,1.0,0.2,0.0075358707447449845,0.7608695652173914,0
780,0.0,5.0,0.346938775510204,0.9333333333333333,1.0,0.0,0.2277038704232145,0.576086956521739,1
781,2.0,6.0,0.7755102040816325,0.7333333333333333,1.0,0.8,0.0011052610425625982,0.9130434782608696,1
782,1.0,3.0,0.346938775510204,0.8,1.0,0.8,0.06788312366866282,0.7065217391304348,1
783,0.0,5.0,0.24489795918367344,0.2,0.2,1.0,0.22882922712109643,0.3695652173913043,0
784,2.0,0.0,0.8163265306122448,0.4666666666666667,0.6000000000000001,1.0,0.0024114786383183963,0.826086956521739,1
785,2.0,3.0,0.8979591836734693,1.0,0.4,0.6000000000000001,0.0003014348297897991,0.923913043478261,0
786,0.0,4.0,0.2040816326530612,0.3333333333333333,1.0,0.6000000000000001,0.991017242072264,0.43478260869565216,0
787,1.0,2.0,0.7959183673469387,0.4,0.0,0.6000000000000001,0.012660262851171578,0.6086956521739131,1
788,0.0,4.0,0.693877551020408,0.9333333333333333,0.4,0.0,0.3003697600578755,0.6630434782608694,1
789,1.0,4.0,0.6326530612244897,0.4666666666666667,1.0,0.8,0.040090832362043326,0.75,0
790,1.0,6.0,0.7346938775510203,0.6666666666666666,0.6000000000000001,0.6000000000000001,0.06699891483461276,0.7608695652173914,0
791,0.0,4.0,0.14285714285714285,0.26666666666666666,0.4,0.4,0.8804911378160043,0.23913043478260865,0
792,1.0,4.0,0.9795918367346937,0.0,1.0,0.6000000000000001,0.07401229854105543,0.7391304347826086,0
793,1.0,3.0,0.7346938775510203,0.4,0.0,0.8,0.08144769100920381,0.6195652173913044,1
794,2.0,1.0,1.0,0.9333333333333333,0.6000000000000001,0.2,0.0036172179574775927,0.9021739130434783,0
795,2.0,0.0,0.24489795918367344,0.26666666666666666,0.0,0.4,0.0011655480085205581,0.22826086956521735,0
796,2.0,0.0,0.836734693877551,0.7333333333333333,0.4,0.2,0.0026124351915115945,0.7173913043478259,1
797,1.0,6.0,0.7755102040816325,1.0,0.6000000000000001,1.0,0.055865921787709494,0.9782608695652173,1
798,0.0,5.0,0.7551020408163265,0.0,0.6000000000000001,0.4,0.8782002331096017,0.5108695652173914,1
799,1.0,5.0,0.38775510204081626,0.26666666666666666,0.4,0.6000000000000001,0.014509063140549014,0.41304347826086957,0
800,0.0,0.0,0.5510204081632653,0.6,0.4,0.2,0.26058036252562194,0.5217391304347827,0
